path,divergence,action,reason
.apk-build-trigger,fork-only,保留二改,保留二改路径；相关调用按融合后的接口调整。
.env.capacitor,fork-only,保留二改,保留二改路径；相关调用按融合后的接口调整。
.github/labeler.yml,shared-change,保留二改行为,保留二改版本已删除的 GitHub 标签配置。
.github/workflows/build-apk.yml,fork-only,保留二改,保留二改路径；相关调用按融合后的接口调整。
.github/workflows/ci.yml,fork-only,保留二改,保留二改路径；相关调用按融合后的接口调整。
.github/workflows/deploy-amsg-existing.yml,fork-only,保留二改,保留二改路径；相关调用按融合后的接口调整。
.github/workflows/deploy-cloudflare-worker.yml,fork-only,保留二改,保留二改路径；相关调用按融合后的接口调整。
.github/workflows/image-mcp-ci.yml,fork-only,保留二改,保留二改路径；相关调用按融合后的接口调整。
.github/workflows/native-story-status-check.yml,fork-only,保留二改,保留二改路径；相关调用按融合后的接口调整。
.github/workflows/pr-labeler.yml,fork-only,保留二改,保留二改路径；相关调用按融合后的接口调整。
.github/workflows/pr-lockfile-guard.yml,fork-only,保留二改,保留二改路径；相关调用按融合后的接口调整。
.github/workflows/story-egress-relay-check.yml,fork-only,保留二改,保留二改路径；相关调用按融合后的接口调整。
.github/workflows/sync-workers-repo.yml,upstream-only,移植上游,保留旧 Instant Push bundle 的同步路径；未执行同步或部署。
.gitignore,upstream-only,移植上游,吸收上游文件/资源。
AGENTS.md,upstream-only,移植上游,吸收上游文件/资源。
App.tsx,shared-change,手工融合完成,Keep fork hosts and add upstream AMSG debug and web update notice.
LICENSE,upstream-only,移植上游,吸收上游文件/资源。
README.md,upstream-only,移植上游,吸收上游文件/资源。
apps/ApiCost.tsx,fork-only,保留二改,保留二改路径；相关调用按融合后的接口调整。
apps/Appearance.tsx,upstream-only,移植上游,保留上游实现；移除业务埋点，必要时适配二改接口。
apps/BankApp.tsx,upstream-only,移植上游,保留上游实现；移除业务埋点，必要时适配二改接口。
apps/CallApp.tsx,shared-change,三方融合并核对,保留双方不重叠代码，按当前契约验证调用点。
apps/Character.tsx,shared-change,手工融合完成,"Fuse linked-memory export, PNG share import/export, local character statistics and cloud cleanup UX; retain custom NovelAI reference settings. Export helpers now provide both native and web paths."
apps/Chat.tsx,shared-change,手工融合完成,"Fuse upstream input automation, decoration wardrobe, reply cancellation, local favorites and voice playback with fork GIF vision, batch emoji imports, role permissions, persistent voice library, image jobs and legacy transport UI."
apps/CheckPhone.tsx,upstream-only,移植上游,保留上游实现；移除业务埋点，必要时适配二改接口。
apps/DateApp.tsx,shared-change,三方融合并核对,保留双方不重叠代码，按当前契约验证调用点。
apps/DreamTheater.tsx,upstream-only,移植上游,保留上游实现；移除业务埋点，必要时适配二改接口。
apps/EatApp.tsx,fork-only,保留二改,保留二改路径；相关调用按融合后的接口调整。
apps/FAQApp.tsx,upstream-only,移植上游,保留上游实现；移除业务埋点，必要时适配二改接口。
apps/Gallery.tsx,fork-only,保留二改,保留二改路径；相关调用按融合后的接口调整。
apps/GameApp.tsx,upstream-only,移植上游,保留上游实现；移除业务埋点，必要时适配二改接口。
apps/GameHallApp.tsx,fork-only,保留二改,保留二改路径；相关调用按融合后的接口调整。
apps/GroupChat.tsx,shared-change,三方融合并核对,保留双方不重叠代码，按当前契约验证调用点。
apps/GuidebookApp.tsx,upstream-only,移植上游,保留上游实现；移除业务埋点，必要时适配二改接口。
apps/HotNewsApp.tsx,upstream-only,移植上游,保留上游实现；移除业务埋点，必要时适配二改接口。
apps/JournalApp.tsx,upstream-only,移植上游,保留上游实现；移除业务埋点，必要时适配二改接口。
apps/Launcher.tsx,shared-change,三方融合并核对,保留双方不重叠代码，按当前契约验证调用点。
apps/LifeSimApp.tsx,upstream-only,移植上游,保留上游实现；移除业务埋点，必要时适配二改接口。
apps/LiveApp.tsx,fork-only,保留二改,保留二改路径；相关调用按融合后的接口调整。
apps/MemoryPalaceApp.tsx,shared-change,手工融合完成,"Retain deferred rendering and safe global settings while adding memory maintenance, onboarding and common context builder."
apps/MomentsApp.tsx,fork-only,保留二改,保留二改路径；相关调用按融合后的接口调整。
apps/PersonaSim.tsx,upstream-only,移植上游,保留上游实现；移除业务埋点，必要时适配二改接口。
apps/QQBridge.tsx,shared-change,三方融合并核对,保留双方不重叠代码，按当前契约验证调用点。
apps/ReadingTogetherApp.tsx,fork-only,保留二改,保留二改路径；相关调用按融合后的接口调整。
apps/RoomApp.tsx,upstream-only,移植上游,保留上游实现；移除业务埋点，必要时适配二改接口。
apps/ScheduleApp.tsx,upstream-only,移植上游,保留上游实现；移除业务埋点，必要时适配二改接口。
apps/Settings.tsx,shared-change,手工融合完成,"Preserve multi-model presets, per-model pricing/latency/failover and image-generation settings; add preset groups, character dialogue APIs, web cache controls, cloud data manager and backend backup consent. Legacy push controls remain available."
apps/SimulatorApp.tsx,fork-only,保留二改,保留二改路径；相关调用按融合后的接口调整。
apps/SocialApp.tsx,shared-change,三方融合并核对,保留双方不重叠代码，按当前契约验证调用点。
apps/SongwritingApp.tsx,upstream-only,移植上游,保留上游实现；移除业务埋点，必要时适配二改接口。
apps/StoryTheaterApp.tsx,fork-only,保留二改,保留二改路径；相关调用按融合后的接口调整。
apps/StudyApp.tsx,shared-change,三方融合并核对,保留双方不重叠代码，按当前契约验证调用点。
apps/ThemeMaker.tsx,upstream-only,采用上游重构,上游移除独立工坊；制作、导入、导出与收藏能力整合到统一装扮入口。
apps/UserApp.tsx,shared-change,手工融合完成,Preserve custom MiniMax voice editing and add upstream home figure studio.
apps/VRWorldApp.tsx,shared-change,手工融合完成,Combine upstream SAR/garden/activity picker and restrictions with fork autonomous room allow-list. Keep manual invitations and reading preferences.
apps/VoiceDesignerApp.tsx,fork-only,保留二改,保留二改路径；相关调用按融合后的接口调整。
apps/VoiceLibraryApp.tsx,fork-only,保留二改,保留二改路径；相关调用按融合后的接口调整。
apps/WorldHomeApp.tsx,upstream-only,移植上游,保留上游实现；移除业务埋点，必要时适配二改接口。
apps/WorldbookApp.tsx,upstream-only,移植上游,保留上游实现；移除业务埋点，必要时适配二改接口。
apps/lifesim/LifeSimSettingsPanel.tsx,fork-only,保留二改,保留二改路径；相关调用按融合后的接口调整。
apps/pixelHome/AssetLibrary.tsx,upstream-only,移植上游,保留上游实现；移除业务埋点，必要时适配二改接口。
apps/pixelHome/MemoryDiveMode.tsx,upstream-only,移植上游,保留上游实现；移除业务埋点，必要时适配二改接口。
apps/pixelHome/PixelHomeView.tsx,upstream-only,移植上游,保留上游实现；移除业务埋点，必要时适配二改接口。
apps/pixelHome/memoryDiveEngine.ts,upstream-only,移植上游,保留上游实现；移除业务埋点，必要时适配二改接口。
apps/pixelHome/presetManager.ts,upstream-only,移植上游,保留上游实现；移除业务埋点，必要时适配二改接口。
apps/room3d/Home3DEntry.tsx,upstream-only,移植上游,保留上游实现；移除业务埋点，必要时适配二改接口。
apps/room3d/Home3DSetupEntry.tsx,upstream-only,移植上游,保留上游实现；移除业务埋点，必要时适配二改接口。
apps/room3d/Home3DView.tsx,upstream-only,移植上游,保留上游实现；移除业务埋点，必要时适配二改接口。
apps/room3d/HomeDefinitionForm.tsx,upstream-only,移植上游,保留上游实现；移除业务埋点，必要时适配二改接口。
apps/room3d/HomeLifePanel.tsx,upstream-only,移植上游,保留上游实现；移除业务埋点，必要时适配二改接口。
apps/room3d/HomePalettePicker.tsx,upstream-only,移植上游,保留上游实现；移除业务埋点，必要时适配二改接口。
apps/room3d/HomePhone.tsx,upstream-only,移植上游,保留上游实现；移除业务埋点，必要时适配二改接口。
apps/room3d/HomePhotoMode.tsx,upstream-only,移植上游,保留上游实现；移除业务埋点，必要时适配二改接口。
apps/room3d/HomePresenceBubbles.tsx,upstream-only,移植上游,保留上游实现；移除业务埋点，必要时适配二改接口。
apps/room3d/HomeQualityTip.tsx,upstream-only,移植上游,保留上游实现；移除业务埋点，必要时适配二改接口。
apps/room3d/HomeScheduleTip.tsx,upstream-only,移植上游,保留上游实现；移除业务埋点，必要时适配二改接口。
apps/room3d/HomeSecretsReveal.tsx,upstream-only,移植上游,保留上游实现；移除业务埋点，必要时适配二改接口。
apps/room3d/HomeSocialPanel.tsx,upstream-only,移植上游,保留上游实现；移除业务埋点，必要时适配二改接口。
apps/room3d/HomeSocialWheel.tsx,upstream-only,移植上游,保留上游实现；移除业务埋点，必要时适配二改接口。
apps/room3d/HomeSpeechBubble.tsx,upstream-only,移植上游,保留上游实现；移除业务埋点，必要时适配二改接口。
apps/room3d/HomelyHud.tsx,upstream-only,移植上游,保留上游实现；移除业务埋点，必要时适配二改接口。
apps/room3d/HomelyMusic.tsx,upstream-only,移植上游,保留上游实现；移除业务埋点，必要时适配二改接口。
apps/room3d/PhotoActions.tsx,upstream-only,移植上游,保留上游实现；移除业务埋点，必要时适配二改接口。
apps/room3d/PhotoFilterPresets.tsx,upstream-only,移植上游,保留上游实现；移除业务埋点，必要时适配二改接口。
apps/room3d/assetQueue.js,upstream-only,移植上游,吸收上游文件/资源。
apps/room3d/automaticWalls.js,upstream-only,移植上游,吸收上游文件/资源。
apps/room3d/bathroom.js,upstream-only,移植上游,吸收上游文件/资源。
apps/room3d/bathroomEffects.js,upstream-only,移植上游,吸收上游文件/资源。
apps/room3d/bathroomJourney.js,upstream-only,移植上游,吸收上游文件/资源。
apps/room3d/bathroomLayout.js,upstream-only,移植上游,吸收上游文件/资源。
apps/room3d/bedMotion.js,upstream-only,移植上游,吸收上游文件/资源。
apps/room3d/bedroomReference.js,upstream-only,移植上游,吸收上游文件/资源。
apps/room3d/building.js,upstream-only,移植上游,吸收上游文件/资源。
apps/room3d/buildingMeshes.js,upstream-only,移植上游,吸收上游文件/资源。
apps/room3d/chibi/CreatorRollBridge.tsx,upstream-only,移植上游,保留上游实现；移除业务埋点，必要时适配二改接口。
apps/room3d/chibi/FbxBody.ts,upstream-only,移植上游,保留上游实现；移除业务埋点，必要时适配二改接口。
apps/room3d/chibi/actionExpression.ts,upstream-only,移植上游,保留上游实现；移除业务埋点，必要时适配二改接口。
apps/room3d/chibi/appearanceColors.ts,upstream-only,移植上游,保留上游实现；移除业务埋点，必要时适配二改接口。
apps/room3d/chibi/approvedClothing.ts,upstream-only,移植上游,保留上游实现；移除业务埋点，必要时适配二改接口。
apps/room3d/chibi/approvedRoomWalk.ts,upstream-only,移植上游,保留上游实现；移除业务埋点，必要时适配二改接口。
apps/room3d/chibi/approvedStandingPose.json,upstream-only,移植上游,吸收上游文件/资源。
apps/room3d/chibi/approvedWardrobe.json,upstream-only,移植上游,吸收上游文件/资源。
apps/room3d/chibi/approvedWardrobe.ts,upstream-only,移植上游,保留上游实现；移除业务埋点，必要时适配二改接口。
apps/room3d/chibi/approvedWardrobeMotions.json,upstream-only,移植上游,吸收上游文件/资源。
apps/room3d/chibi/baseEyeColors.ts,upstream-only,移植上游,保留上游实现；移除业务埋点，必要时适配二改接口。
apps/room3d/chibi/bathroomMotion.ts,upstream-only,移植上游,保留上游实现；移除业务埋点，必要时适配二改接口。
apps/room3d/chibi/bedLeisure.ts,upstream-only,移植上游,保留上游实现；移除业务埋点，必要时适配二改接口。
apps/room3d/chibi/bedSurface.ts,upstream-only,移植上游,保留上游实现；移除业务埋点，必要时适配二改接口。
apps/room3d/chibi/blankBody.json,upstream-only,移植上游,吸收上游文件/资源。
apps/room3d/chibi/blankBody.ts,upstream-only,移植上游,保留上游实现；移除业务埋点，必要时适配二改接口。
apps/room3d/chibi/blankClothes.ts,upstream-only,移植上游,保留上游实现；移除业务埋点，必要时适配二改接口。
apps/room3d/chibi/blankFingers.ts,upstream-only,移植上游,保留上游实现；移除业务埋点，必要时适配二改接口。
apps/room3d/chibi/blankMotion.ts,upstream-only,移植上游,保留上游实现；移除业务埋点，必要时适配二改接口。
apps/room3d/chibi/blankRig.ts,upstream-only,移植上游,保留上游实现；移除业务埋点，必要时适配二改接口。
apps/room3d/chibi/bodyHeight.ts,upstream-only,移植上游,保留上游实现；移除业务埋点，必要时适配二改接口。
apps/room3d/chibi/builtinOutfits.json,upstream-only,移植上游,吸收上游文件/资源。
apps/room3d/chibi/captureCreatorLayer.ts,upstream-only,移植上游,保留上游实现；移除业务埋点，必要时适配二改接口。
apps/room3d/chibi/closeFootwearSeams.ts,upstream-only,移植上游,保留上游实现；移除业务埋点，必要时适配二改接口。
apps/room3d/chibi/clothingMask.ts,upstream-only,移植上游,保留上游实现；移除业务埋点，必要时适配二改接口。
apps/room3d/chibi/computerMotion.ts,upstream-only,移植上游,保留上游实现；移除业务埋点，必要时适配二改接口。
apps/room3d/chibi/faceAdjustments.ts,upstream-only,移植上游,保留上游实现；移除业务埋点，必要时适配二改接口。
apps/room3d/chibi/faceAppearance.ts,upstream-only,移植上游,保留上游实现；移除业务埋点，必要时适配二改接口。
apps/room3d/chibi/faceAssets.json,upstream-only,移植上游,吸收上游文件/资源。
apps/room3d/chibi/faceHighlights.json,upstream-only,移植上游,吸收上游文件/资源。
apps/room3d/chibi/faceLandmarks.ts,upstream-only,移植上游,保留上游实现；移除业务埋点，必要时适配二改接口。
apps/room3d/chibi/faceOriginals.json,upstream-only,移植上游,吸收上游文件/资源。
apps/room3d/chibi/faceTint.ts,upstream-only,移植上游,保留上游实现；移除业务埋点，必要时适配二改接口。
apps/room3d/chibi/fitSockSurface.ts,upstream-only,移植上游,保留上游实现；移除业务埋点，必要时适配二改接口。
apps/room3d/chibi/floorSeatContact.ts,upstream-only,移植上游,保留上游实现；移除业务埋点，必要时适配二改接口。
apps/room3d/chibi/furnitureMotion.ts,upstream-only,移植上游,保留上游实现；移除业务埋点，必要时适配二改接口。
apps/room3d/chibi/garmentCollar.ts,upstream-only,移植上游,保留上游实现；移除业务埋点，必要时适配二改接口。
apps/room3d/chibi/garmentFit.ts,upstream-only,移植上游,保留上游实现；移除业务埋点，必要时适配二改接口。
apps/room3d/chibi/garmentHem.ts,upstream-only,移植上游,保留上游实现；移除业务埋点，必要时适配二改接口。
apps/room3d/chibi/garmentLayering.ts,upstream-only,移植上游,保留上游实现；移除业务埋点，必要时适配二改接口。
apps/room3d/chibi/garmentMotionFit.ts,upstream-only,移植上游,保留上游实现；移除业务埋点，必要时适配二改接口。
apps/room3d/chibi/hairSeam.ts,upstream-only,移植上游,保留上游实现；移除业务埋点，必要时适配二改接口。
apps/room3d/chibi/hairShell.ts,upstream-only,移植上游,保留上游实现；移除业务埋点，必要时适配二改接口。
apps/room3d/chibi/hoodieClothes.json,upstream-only,移植上游,吸收上游文件/资源。
apps/room3d/chibi/hoodieClothes.ts,upstream-only,移植上游,保留上游实现；移除业务埋点，必要时适配二改接口。
apps/room3d/chibi/hugHands.ts,upstream-only,移植上游,保留上游实现；移除业务埋点，必要时适配二改接口。
apps/room3d/chibi/hugMotion.ts,upstream-only,移植上游,保留上游实现；移除业务埋点，必要时适配二改接口。
apps/room3d/chibi/illustration.ts,upstream-only,移植上游,保留上游实现；移除业务埋点，必要时适配二改接口。
apps/room3d/chibi/intimacyMotion.ts,upstream-only,移植上游,保留上游实现；移除业务埋点，必要时适配二改接口。
apps/room3d/chibi/meshyMotions.json,upstream-only,移植上游,吸收上游文件/资源。
apps/room3d/chibi/meshyMotions.ts,upstream-only,移植上游,保留上游实现；移除业务埋点，必要时适配二改接口。
apps/room3d/chibi/mirrorGrooming.ts,upstream-only,移植上游,保留上游实现；移除业务埋点，必要时适配二改接口。
apps/room3d/chibi/motionHeading.ts,upstream-only,移植上游,保留上游实现；移除业务埋点，必要时适配二改接口。
apps/room3d/chibi/motionSurfaceContact.ts,upstream-only,移植上游,保留上游实现；移除业务埋点，必要时适配二改接口。
apps/room3d/chibi/outfitLibrary.ts,upstream-only,移植上游,保留上游实现；移除业务埋点，必要时适配二改接口。
apps/room3d/chibi/partSurfaces.ts,upstream-only,移植上游,保留上游实现；移除业务埋点，必要时适配二改接口。
apps/room3d/chibi/photoPoseCatalog.json,upstream-only,移植上游,吸收上游文件/资源。
apps/room3d/chibi/puff.ts,upstream-only,移植上游,保留上游实现；移除业务埋点，必要时适配二改接口。
apps/room3d/chibi/rearHairLiner.ts,upstream-only,移植上游,保留上游实现；移除业务埋点，必要时适配二改接口。
apps/room3d/chibi/reference.fbx,upstream-only,移植上游,吸收上游文件/资源。
apps/room3d/chibi/residentExpression.ts,upstream-only,移植上游,保留上游实现；移除业务埋点，必要时适配二改接口。
apps/room3d/chibi/rollCache.ts,upstream-only,移植上游,保留上游实现；移除业务埋点，必要时适配二改接口。
apps/room3d/chibi/roomMotionFrame.ts,upstream-only,移植上游,保留上游实现；移除业务埋点，必要时适配二改接口。
apps/room3d/chibi/roomWalk.ts,upstream-only,移植上游,保留上游实现；移除业务埋点，必要时适配二改接口。
apps/room3d/chibi/seatedHug.ts,upstream-only,移植上游,保留上游实现；移除业务埋点，必要时适配二改接口。
apps/room3d/chibi/selectedMotionCatalog.json,upstream-only,移植上游,吸收上游文件/资源。
apps/room3d/chibi/selectedMotions.ts,upstream-only,移植上游,保留上游实现；移除业务埋点，必要时适配二改接口。
apps/room3d/chibi/selectedSocial.ts,upstream-only,移植上游,保留上游实现；移除业务埋点，必要时适配二改接口。
apps/room3d/chibi/social.ts,upstream-only,移植上游,保留上游实现；移除业务埋点，必要时适配二改接口。
apps/room3d/chibi/socialContact.ts,upstream-only,移植上游,保留上游实现；移除业务埋点，必要时适配二改接口。
apps/room3d/chibi/socialProps.ts,upstream-only,移植上游,保留上游实现；移除业务埋点，必要时适配二改接口。
apps/room3d/chibi/types.ts,upstream-only,移植上游,保留上游实现；移除业务埋点，必要时适配二改接口。
apps/room3d/chibi/visitor.ts,upstream-only,移植上游,保留上游实现；移除业务埋点，必要时适配二改接口。
apps/room3d/chibi/wardrobeCheckPlan.ts,upstream-only,移植上游,保留上游实现；移除业务埋点，必要时适配二改接口。
apps/room3d/chibi/wardrobeColorRegions.json,upstream-only,移植上游,吸收上游文件/资源。
apps/room3d/chibi/wardrobeColors.ts,upstream-only,移植上游,保留上游实现；移除业务埋点，必要时适配二改接口。
apps/room3d/chibi/wardrobeLayering.json,upstream-only,移植上游,吸收上游文件/资源。
apps/room3d/chibi/wardrobeLayering.ts,upstream-only,移植上游,保留上游实现；移除业务埋点，必要时适配二改接口。
apps/room3d/chibi/wardrobeMotionCatalog.json,upstream-only,移植上游,吸收上游文件/资源。
apps/room3d/chibi/waterGrip.ts,upstream-only,移植上游,保留上游实现；移除业务埋点，必要时适配二改接口。
apps/room3d/coffeeGrip.js,upstream-only,移植上游,吸收上游文件/资源。
apps/room3d/conversationFacing.ts,upstream-only,移植上游,保留上游实现；移除业务埋点，必要时适配二改接口。
apps/room3d/deviceBudget.js,upstream-only,移植上游,吸收上游文件/资源。
apps/room3d/dimensions.js,upstream-only,移植上游,吸收上游文件/资源。
apps/room3d/dining.js,upstream-only,移植上游,吸收上游文件/资源。
apps/room3d/diningGrip.js,upstream-only,移植上游,吸收上游文件/资源。
apps/room3d/diningMotion.js,upstream-only,移植上游,吸收上游文件/资源。
apps/room3d/doorMeshes.js,upstream-only,移植上游,吸收上游文件/资源。
apps/room3d/editor.css,upstream-only,移植上游,吸收上游文件/资源。
apps/room3d/editor.d.ts,upstream-only,移植上游,保留上游实现；移除业务埋点，必要时适配二改接口。
apps/room3d/editor.js,upstream-only,移植上游,吸收上游文件/资源。
apps/room3d/finishMeshes.js,upstream-only,移植上游,吸收上游文件/资源。
apps/room3d/finishes.js,upstream-only,移植上游,吸收上游文件/资源。
apps/room3d/flatView.js,upstream-only,移植上游,吸收上游文件/资源。
apps/room3d/furnitureActivityLifetime.ts,upstream-only,移植上游,保留上游实现；移除业务埋点，必要时适配二改接口。
apps/room3d/furnitureCatalog.js,upstream-only,移植上游,吸收上游文件/资源。
apps/room3d/furnitureDock.js,upstream-only,移植上游,吸收上游文件/资源。
apps/room3d/furnitureHalo.js,upstream-only,移植上游,吸收上游文件/资源。
apps/room3d/furnitureInteractions.js,upstream-only,移植上游,吸收上游文件/资源。
apps/room3d/furniturePaint.js,upstream-only,移植上游,吸收上游文件/资源。
apps/room3d/furnitureSearch.ts,upstream-only,移植上游,保留上游实现；移除业务埋点，必要时适配二改接口。
apps/room3d/furnitureStyle.js,upstream-only,移植上游,吸收上游文件/资源。
apps/room3d/gaming.js,upstream-only,移植上游,吸收上游文件/资源。
apps/room3d/gamingEffects.js,upstream-only,移植上游,吸收上游文件/资源。
apps/room3d/homeDefinition.css,upstream-only,移植上游,吸收上游文件/资源。
apps/room3d/homeDefinition.ts,upstream-only,移植上游,保留上游实现；移除业务埋点，必要时适配二改接口。
apps/room3d/homeHud.css,upstream-only,移植上游,吸收上游文件/资源。
apps/room3d/homeLife.css,upstream-only,移植上游,吸收上游文件/资源。
apps/room3d/homeMap.d.ts,upstream-only,移植上游,保留上游实现；移除业务埋点，必要时适配二改接口。
apps/room3d/homeMap.js,upstream-only,移植上游,吸收上游文件/资源。
apps/room3d/homePhone.css,upstream-only,移植上游,吸收上游文件/资源。
apps/room3d/homePhoneAppearance.ts,upstream-only,移植上游,保留上游实现；移除业务埋点，必要时适配二改接口。
apps/room3d/homePhoto.css,upstream-only,移植上游,吸收上游文件/资源。
apps/room3d/homeScheduleTip.css,upstream-only,移植上游,吸收上游文件/资源。
apps/room3d/homeSecretsReveal.css,upstream-only,移植上游,吸收上游文件/资源。
apps/room3d/homeSpeechBubble.css,upstream-only,移植上游,吸收上游文件/资源。
apps/room3d/homelyForeground.js,upstream-only,移植上游,吸收上游文件/资源。
apps/room3d/homelyPresence.ts,upstream-only,移植上游,保留上游实现；移除业务埋点，必要时适配二改接口。
apps/room3d/homelyTouch.ts,upstream-only,移植上游,保留上游实现；移除业务埋点，必要时适配二改接口。
apps/room3d/homelyView.ts,upstream-only,移植上游,保留上游实现；移除业务埋点，必要时适配二改接口。
apps/room3d/interactionIcons.js,upstream-only,移植上游,吸收上游文件/资源。
apps/room3d/interiorBackdrop.js,upstream-only,移植上游,吸收上游文件/资源。
apps/room3d/islandComponents.ts,upstream-only,移植上游,保留上游实现；移除业务埋点，必要时适配二改接口。
apps/room3d/islandTheme.css,upstream-only,移植上游,吸收上游文件/资源。
apps/room3d/kitchenActivities.js,upstream-only,移植上游,吸收上游文件/资源。
apps/room3d/kitchenEffects.js,upstream-only,移植上游,吸收上游文件/资源。
apps/room3d/kitchenWorkEffects.js,upstream-only,移植上游,吸收上游文件/资源。
apps/room3d/lampGlow.js,upstream-only,移植上游,吸收上游文件/资源。
apps/room3d/layout.js,upstream-only,移植上游,吸收上游文件/资源。
apps/room3d/livingReference.js,upstream-only,移植上游,吸收上游文件/资源。
apps/room3d/mirror.js,upstream-only,移植上游,吸收上游文件/资源。
apps/room3d/mirrorJourney.js,upstream-only,移植上游,吸收上游文件/资源。
apps/room3d/mirrorMotion.js,upstream-only,移植上游,吸收上游文件/资源。
apps/room3d/model.d.ts,upstream-only,移植上游,保留上游实现；移除业务埋点，必要时适配二改接口。
apps/room3d/model.js,upstream-only,移植上游,吸收上游文件/资源。
apps/room3d/navigation.js,upstream-only,移植上游,吸收上游文件/资源。
apps/room3d/paintPanel.js,upstream-only,移植上游,吸收上游文件/资源。
apps/room3d/petContact.js,upstream-only,移植上游,吸收上游文件/资源。
apps/room3d/petLife.js,upstream-only,移植上游,吸收上游文件/资源。
apps/room3d/petPanel.js,upstream-only,移植上游,吸收上游文件/资源。
apps/room3d/petPortraits.js,upstream-only,移植上游,吸收上游文件/资源。
apps/room3d/petSleep.js,upstream-only,移植上游,吸收上游文件/资源。
apps/room3d/petState.js,upstream-only,移植上游,吸收上游文件/资源。
apps/room3d/petSystem.css,upstream-only,移植上游,吸收上游文件/资源。
apps/room3d/petSystem.js,upstream-only,移植上游,吸收上游文件/资源。
apps/room3d/petWheel.css,upstream-only,移植上游,吸收上游文件/资源。
apps/room3d/photoEffects.ts,upstream-only,移植上游,保留上游实现；移除业务埋点，必要时适配二改接口。
apps/room3d/photoLibrary.ts,upstream-only,移植上游,保留上游实现；移除业务埋点，必要时适配二改接口。
apps/room3d/photoLookStorage.ts,upstream-only,移植上游,保留上游实现；移除业务埋点，必要时适配二改接口。
apps/room3d/photoSession.js,upstream-only,移植上游,吸收上游文件/资源。
apps/room3d/plush.js,upstream-only,移植上游,吸收上游文件/资源。
apps/room3d/renderQuality.js,upstream-only,移植上游,吸收上游文件/资源。
apps/room3d/residentFacing.ts,upstream-only,移植上游,保留上游实现；移除业务埋点，必要时适配二改接口。
apps/room3d/residentNavigation.js,upstream-only,移植上游,吸收上游文件/资源。
apps/room3d/rhythm.js,upstream-only,移植上游,吸收上游文件/资源。
apps/room3d/roomFinishPass.js,upstream-only,移植上游,吸收上游文件/资源。
apps/room3d/roomLighting.js,upstream-only,移植上游,吸收上游文件/资源。
apps/room3d/roomPalettes.d.ts,upstream-only,移植上游,保留上游实现；移除业务埋点，必要时适配二改接口。
apps/room3d/roomPalettes.js,upstream-only,移植上游,吸收上游文件/资源。
apps/room3d/roomSharing.js,upstream-only,移植上游,吸收上游文件/资源。
apps/room3d/rugPattern.js,upstream-only,移植上游,吸收上游文件/资源。
apps/room3d/seatChange.js,upstream-only,移植上游,吸收上游文件/资源。
apps/room3d/seating.js,upstream-only,移植上游,吸收上游文件/资源。
apps/room3d/showroomGroups.js,upstream-only,移植上游,吸收上游文件/资源。
apps/room3d/showrooms.js,upstream-only,移植上游,吸收上游文件/资源。
apps/room3d/socialPanel.css,upstream-only,移植上游,吸收上游文件/资源。
apps/room3d/socialPosture.ts,upstream-only,移植上游,保留上游实现；移除业务埋点，必要时适配二改接口。
apps/room3d/socialWheel.css,upstream-only,移植上游,吸收上游文件/资源。
apps/room3d/socialWheelLayout.ts,upstream-only,移植上游,保留上游实现；移除业务埋点，必要时适配二改接口。
apps/room3d/starterHome.d.ts,upstream-only,移植上游,保留上游实现；移除业务埋点，必要时适配二改接口。
apps/room3d/starterHome.js,upstream-only,移植上游,吸收上游文件/资源。
apps/room3d/studyShowroom.js,upstream-only,移植上游,吸收上游文件/资源。
apps/room3d/topology.js,upstream-only,移植上游,吸收上游文件/资源。
apps/room3d/types.ts,upstream-only,移植上游,保留上游实现；移除业务埋点，必要时适配二改接口。
apps/room3d/useHomeCompanion.ts,upstream-only,移植上游,保留上游实现；移除业务埋点，必要时适配二改接口。
apps/room3d/useHomeEmotion.ts,upstream-only,移植上游,保留上游实现；移除业务埋点，必要时适配二改接口。
apps/room3d/useHomeSchedule.ts,upstream-only,移植上游,保留上游实现；移除业务埋点，必要时适配二改接口。
apps/room3d/visitorComparison.js,upstream-only,移植上游,吸收上游文件/资源。
apps/room3d/walkFeedback.js,upstream-only,移植上游,吸收上游文件/资源。
apps/room3d/wallMount.js,upstream-only,移植上游,吸收上游文件/资源。
apps/room3d/watering.js,upstream-only,移植上游,吸收上游文件/资源。
apps/room3d/wateringEffect.js,upstream-only,移植上游,吸收上游文件/资源。
apps/room3d/windowAperture.js,upstream-only,移植上游,吸收上游文件/资源。
apps/room3d/windowDaylight.js,upstream-only,移植上游,吸收上游文件/资源。
apps/room3d/windowDaylightLights.js,upstream-only,移植上游,吸收上游文件/资源。
apps/room3d/windowOpenings.js,upstream-only,移植上游,吸收上游文件/资源。
apps/room3d/windowSky.js,upstream-only,移植上游,吸收上游文件/资源。
apps/vrWorld/AivenFishSaleReceipt.tsx,upstream-only,移植上游,保留上游实现；移除业务埋点，必要时适配二改接口。
apps/vrWorld/DINOSAUR-GARDEN.md,upstream-only,移植上游,吸收上游文件/资源。
apps/vrWorld/FISHING.md,upstream-only,移植上游,吸收上游文件/资源。
apps/vrWorld/FishArt.tsx,upstream-only,移植上游,保留上游实现；移除业务埋点，必要时适配二改接口。
apps/vrWorld/FishingGame.tsx,upstream-only,移植上游,保留上游实现；移除业务埋点，必要时适配二改接口。
apps/vrWorld/FishingMarketOverlay.tsx,upstream-only,移植上游,保留上游实现；移除业务埋点，必要时适配二改接口。
apps/vrWorld/KanataTitleEditor.tsx,upstream-only,移植上游,保留上游实现；移除业务埋点，必要时适配二改接口。
apps/vrWorld/MarketResponseDetails.tsx,upstream-only,移植上游,保留上游实现；移除业务埋点，必要时适配二改接口。
apps/vrWorld/README.md,upstream-only,移植上游,吸收上游文件/资源。
apps/vrWorld/SAR-ART.md,upstream-only,移植上游,吸收上游文件/资源。
apps/vrWorld/SARAivenDialogue.tsx,upstream-only,移植上游,保留上游实现；移除业务埋点，必要时适配二改接口。
apps/vrWorld/SARArtifactArt.tsx,upstream-only,移植上游,保留上游实现；移除业务埋点，必要时适配二改接口。
apps/vrWorld/SARAssemblyCabinet.tsx,upstream-only,移植上游,保留上游实现；移除业务埋点，必要时适配二改接口。
apps/vrWorld/SARCharacterPicker.tsx,upstream-only,移植上游,保留上游实现；移除业务埋点，必要时适配二改接口。
apps/vrWorld/SARClubEvent.tsx,upstream-only,移植上游,保留上游实现；移除业务埋点，必要时适配二改接口。
apps/vrWorld/SARClubRoom.tsx,upstream-only,移植上游,保留上游实现；移除业务埋点，必要时适配二改接口。
apps/vrWorld/SARCollectionView.tsx,upstream-only,移植上游,保留上游实现；移除业务埋点，必要时适配二改接口。
apps/vrWorld/SARDialogueBackdrop.tsx,upstream-only,移植上游,保留上游实现；移除业务埋点，必要时适配二改接口。
apps/vrWorld/SARDialogueChoices.tsx,upstream-only,移植上游,保留上游实现；移除业务埋点，必要时适配二改接口。
apps/vrWorld/SARDialogueMeta.tsx,upstream-only,移植上游,保留上游实现；移除业务埋点，必要时适配二改接口。
apps/vrWorld/SARDialogueProp.tsx,upstream-only,移植上游,保留上游实现；移除业务埋点，必要时适配二改接口。
apps/vrWorld/SARExclusiveKeepsakes.tsx,upstream-only,移植上游,保留上游实现；移除业务埋点，必要时适配二改接口。
apps/vrWorld/SARExpressionReview.tsx,upstream-only,移植上游,保留上游实现；移除业务埋点，必要时适配二改接口。
apps/vrWorld/SARFacilityGuide.tsx,upstream-only,移植上游,保留上游实现；移除业务埋点，必要时适配二改接口。
apps/vrWorld/SARFamiliarityDialog.tsx,upstream-only,移植上游,保留上游实现；移除业务埋点，必要时适配二改接口。
apps/vrWorld/SARFamiliarityEffects.css,upstream-only,移植上游,吸收上游文件/资源。
apps/vrWorld/SARFamiliarityEffects.tsx,upstream-only,移植上游,保留上游实现；移除业务埋点，必要时适配二改接口。
apps/vrWorld/SARFamiliarityKeepsake.tsx,upstream-only,移植上游,保留上游实现；移除业务埋点，必要时适配二改接口。
apps/vrWorld/SARFamiliarityRoster.tsx,upstream-only,移植上游,保留上游实现；移除业务埋点，必要时适配二改接口。
apps/vrWorld/SARGacha.tsx,upstream-only,移植上游,保留上游实现；移除业务埋点，必要时适配二改接口。
apps/vrWorld/SARHubPanels.tsx,upstream-only,移植上游,保留上游实现；移除业务埋点，必要时适配二改接口。
apps/vrWorld/SARIdentityDetails.tsx,upstream-only,移植上游,保留上游实现；移除业务埋点，必要时适配二改接口。
apps/vrWorld/SARModuleShop.tsx,upstream-only,移植上游,保留上游实现；移除业务埋点，必要时适配二改接口。
apps/vrWorld/SARNpcArt.tsx,upstream-only,移植上游,保留上游实现；移除业务埋点，必要时适配二改接口。
apps/vrWorld/SARObjectInspector.tsx,upstream-only,移植上游,保留上游实现；移除业务埋点，必要时适配二改接口。
apps/vrWorld/SARSimulationSession.tsx,upstream-only,移植上游,保留上游实现；移除业务埋点，必要时适配二改接口。
apps/vrWorld/SARUpdateDialogue.tsx,upstream-only,移植上游,保留上游实现；移除业务埋点，必要时适配二改接口。
apps/vrWorld/VRActivityPicker.tsx,upstream-only,移植上游,保留上游实现；移除业务埋点，必要时适配二改接口。
apps/vrWorld/VRLibrary.tsx,upstream-only,移植上游,保留上游实现；移除业务埋点，必要时适配二改接口。
apps/vrWorld/aiven-fish-sale.css,upstream-only,移植上游,吸收上游文件/资源。
apps/vrWorld/dinosaur/DinoIcon.tsx,upstream-only,移植上游,保留上游实现；移除业务埋点，必要时适配二改接口。
apps/vrWorld/dinosaur/DinosaurGarden.tsx,upstream-only,移植上游,保留上游实现；移除业务埋点，必要时适配二改接口。
apps/vrWorld/dinosaur/PropIcon.tsx,upstream-only,移植上游,保留上游实现；移除业务埋点，必要时适配二改接口。
apps/vrWorld/dinosaur/garden.css,upstream-only,移植上游,吸收上游文件/资源。
apps/vrWorld/dinosaur/landscape.ts,upstream-only,移植上游,保留上游实现；移除业务埋点，必要时适配二改接口。
apps/vrWorld/dinosaur/motion.ts,upstream-only,移植上游,保留上游实现；移除业务埋点，必要时适配二改接口。
apps/vrWorld/dinosaur/renderer.ts,upstream-only,移植上游,保留上游实现；移除业务埋点，必要时适配二改接口。
apps/vrWorld/dinosaur/scene.ts,upstream-only,移植上游,保留上游实现；移除业务埋点，必要时适配二改接口。
apps/vrWorld/fishing.css,upstream-only,移植上游,吸收上游文件/资源。
apps/vrWorld/fishingBoard.css,upstream-only,移植上游,吸收上游文件/资源。
apps/vrWorld/sar-artifacts.css,upstream-only,移植上游,吸收上游文件/资源。
apps/vrWorld/sar-cabinet-library.css,upstream-only,移植上游,吸收上游文件/资源。
apps/vrWorld/sar-club-room.css,upstream-only,移植上游,吸收上游文件/资源。
apps/vrWorld/sar-collection-theme.css,upstream-only,移植上游,吸收上游文件/资源。
apps/vrWorld/sar-exclusive-keepsakes.css,upstream-only,移植上游,吸收上游文件/资源。
apps/vrWorld/sar-expression-review.css,upstream-only,移植上游,吸收上游文件/资源。
apps/vrWorld/sar-facility-guide.css,upstream-only,移植上游,吸收上游文件/资源。
apps/vrWorld/sar-familiarity-dialog.css,upstream-only,移植上游,吸收上游文件/资源。
apps/vrWorld/sar-familiarity-roster.css,upstream-only,移植上游,吸收上游文件/资源。
apps/vrWorld/sar-gacha.css,upstream-only,移植上游,吸收上游文件/资源。
apps/vrWorld/sar-hub.css,upstream-only,移植上游,吸收上游文件/资源。
apps/vrWorld/sar-npc-art.css,upstream-only,移植上游,吸收上游文件/资源。
apps/vrWorld/sar-object-inspector.css,upstream-only,移植上游,吸收上游文件/资源。
apps/vrWorld/sar-pagination.css,upstream-only,移植上游,吸收上游文件/资源。
apps/vrWorld/sarReading.css,upstream-only,移植上游,吸收上游文件/资源。
apps/vrWorld/vr-activity-picker.css,upstream-only,移植上游,吸收上游文件/资源。
apps/vrWorld/vr-library.css,upstream-only,移植上游,吸收上游文件/资源。
art/acid-orbit/LUCIDE-LICENSE.txt,upstream-only,移植上游,吸收上游文件/资源。
art/acid-orbit/README.md,upstream-only,移植上游,吸收上游文件/资源。
art/acid-orbit/SCALLOP-LICENSE.txt,upstream-only,移植上游,吸收上游文件/资源。
art/acid-orbit/acid-gothic-preview.png,upstream-only,移植上游,吸收上游文件/资源。
art/acid-orbit/acid-orbit-lavender.sully.json,upstream-only,移植上游,吸收上游文件/资源。
art/acid-orbit/acid-orbit.css,upstream-only,移植上游,吸收上游文件/资源。
art/acid-orbit/acid-orbit.sully.json,upstream-only,移植上游,吸收上游文件/资源。
art/acid-orbit/build-builtins.mjs,upstream-only,移植上游,吸收上游文件/资源。
art/acid-orbit/build-lace.mjs,upstream-only,移植上游,吸收上游文件/资源。
art/acid-orbit/build-preview.mjs,upstream-only,移植上游,吸收上游文件/资源。
art/acid-orbit/build.mjs,upstream-only,移植上游,吸收上游文件/资源。
art/acid-orbit/card-size-preview.png,upstream-only,移植上游,吸收上游文件/资源。
art/acid-orbit/celestial-compact-preview.png,upstream-only,移植上游,吸收上游文件/资源。
art/acid-orbit/centered-header-preview.png,upstream-only,移植上游,吸收上游文件/资源。
art/acid-orbit/clean-controls-preview.png,upstream-only,移植上游,吸收上游文件/资源。
art/acid-orbit/compact-file-preview.png,upstream-only,移植上游,吸收上游文件/资源。
art/acid-orbit/dual-lace-preview.png,upstream-only,移植上游,吸收上游文件/资源。
art/acid-orbit/flush-header-preview.png,upstream-only,移植上游,吸收上游文件/资源。
art/acid-orbit/gothic-lace.svg,upstream-only,移植上游,吸收上游文件/资源。
art/acid-orbit/header-menu-refined.png,upstream-only,移植上游,吸收上游文件/资源。
art/acid-orbit/integrated-header-preview.png,upstream-only,移植上游,吸收上游文件/资源。
art/acid-orbit/lavender-lace-preview.png,upstream-only,移植上游,吸收上游文件/资源。
art/acid-orbit/lavender-preview.png,upstream-only,移植上游,吸收上游文件/资源。
art/acid-orbit/lavender.css,upstream-only,移植上游,吸收上游文件/资源。
art/acid-orbit/nocturne-line.css,upstream-only,移植上游,吸收上游文件/资源。
art/acid-orbit/nocturne-line.sully.json,upstream-only,移植上游,吸收上游文件/资源。
art/acid-orbit/nocturne-phone.png,upstream-only,移植上游,吸收上游文件/资源。
art/acid-orbit/nocturne-preview.png,upstream-only,移植上游,吸收上游文件/资源。
art/acid-orbit/nocturne-refined.png,upstream-only,移植上游,吸收上游文件/资源。
art/acid-orbit/preview-v2.png,upstream-only,移植上游,吸收上游文件/资源。
art/acid-orbit/preview.bundle.css,upstream-only,移植上游,吸收上游文件/资源。
art/acid-orbit/preview.bundle.js,upstream-only,移植上游,吸收上游文件/资源。
art/acid-orbit/preview.html,upstream-only,移植上游,吸收上游文件/资源。
art/acid-orbit/preview.png,upstream-only,移植上游,吸收上游文件/资源。
art/acid-orbit/preview.ts,upstream-only,移植上游,保留上游实现；移除业务埋点，必要时适配二改接口。
art/acid-orbit/profile-card-header.png,upstream-only,移植上游,吸收上游文件/资源。
art/acid-orbit/restored-preview.png,upstream-only,移植上游,吸收上游文件/资源。
art/acid-orbit/scallop-preview.png,upstream-only,移植上游,吸收上游文件/资源。
art/acid-orbit/scallop2-source.svg,upstream-only,移植上游,吸收上游文件/资源。
art/acid-orbit/schedule-receipt.png,upstream-only,移植上游,吸收上游文件/资源。
art/acid-orbit/starlight-preview.png,upstream-only,移植上游,吸收上游文件/资源。
art/acid-orbit/unframed-html-safe-header.png,upstream-only,移植上游,吸收上游文件/资源。
art/acid-orbit/white-psyche-status-preview.png,upstream-only,移植上游,吸收上游文件/资源。
art/chibi/animal-accessories.json,upstream-only,移植上游,吸收上游文件/资源。
art/chibi/arm-retopo-qa.ts,upstream-only,移植上游,保留上游实现；移除业务埋点，必要时适配二改接口。
art/chibi/bake-happy-wave.ts,upstream-only,移植上游,保留上游实现；移除业务埋点，必要时适配二改接口。
art/chibi/blazer-shoulder-facing.mjs,upstream-only,移植上游,吸收上游文件/资源。
art/chibi/build-animal-accessories.mjs,upstream-only,移植上游,吸收上游文件/资源。
art/chibi/build-clean-collar-shirt.mjs,upstream-only,移植上游,吸收上游文件/资源。
art/chibi/build-clean-school-blazer.mjs,upstream-only,移植上游,吸收上游文件/资源。
art/chibi/build-clothing-0920b.mjs,upstream-only,移植上游,吸收上游文件/资源。
art/chibi/build-lowerwear-0920.mjs,upstream-only,移植上游,吸收上游文件/资源。
art/chibi/build-maid-sleeves.mjs,upstream-only,移植上游,吸收上游文件/资源。
art/chibi/build-photo-poses.mjs,upstream-only,移植上游,吸收上游文件/资源。
art/chibi/build-procedural-basics-0920.mjs,upstream-only,移植上游,吸收上游文件/资源。
art/chibi/build-qipao-0920.mjs,upstream-only,移植上游,吸收上游文件/资源。
art/chibi/build-selected-motions.mjs,upstream-only,移植上游,吸收上游文件/资源。
art/chibi/build-shoes-0920.mjs,upstream-only,移植上游,吸收上游文件/资源。
art/chibi/build-tailored-basics.mjs,upstream-only,移植上游,吸收上游文件/资源。
art/chibi/catalog-photo-cc0-review.mjs,upstream-only,移植上游,吸收上游文件/资源。
art/chibi/catalog-photo-poses.mjs,upstream-only,移植上游,吸收上游文件/资源。
art/chibi/catalog-social-intake.mjs,upstream-only,移植上游,吸收上游文件/资源。
art/chibi/check-wardrobe.mjs,upstream-only,移植上游,吸收上游文件/资源。
art/chibi/clothing-details.mjs,upstream-only,移植上游,吸收上游文件/资源。
art/chibi/clothing-import-utils.mjs,upstream-only,移植上游,吸收上游文件/资源。
art/chibi/clothing-pack-0918.json,upstream-only,移植上游,吸收上游文件/资源。
art/chibi/color-belt-coat.mjs,upstream-only,移植上游,吸收上游文件/资源。
art/chibi/download-photo-cc0-review.mjs,upstream-only,移植上游,吸收上游文件/资源。
art/chibi/download-photo-poses.mjs,upstream-only,移植上游,吸收上游文件/资源。
art/chibi/download-social-intake.mjs,upstream-only,移植上游,吸收上游文件/资源。
art/chibi/export-current-body.ts,upstream-only,移植上游,保留上游实现；移除业务埋点，必要时适配二改接口。
art/chibi/export-wardrobe-pose.ts,upstream-only,移植上游,保留上游实现；移除业务埋点，必要时适配二改接口。
art/chibi/extract-blank-body.mjs,upstream-only,移植上游,吸收上游文件/资源。
art/chibi/extract-hoodie.mjs,upstream-only,移植上游,吸收上游文件/资源。
art/chibi/finalize-motion-selection.mjs,upstream-only,移植上游,吸收上游文件/资源。
art/chibi/fit-approved-waists.mjs,upstream-only,移植上游,吸收上游文件/资源。
art/chibi/fit-footwear-current-body.mjs,upstream-only,移植上游,吸收上游文件/资源。
art/chibi/fit-sailor-skirt-waist.mjs,upstream-only,移植上游,吸收上游文件/资源。
art/chibi/fix-loafer-leg-binding.py,upstream-only,移植上游,吸收上游文件/资源。
art/chibi/fix-lowerwear-leg-binding.mjs,upstream-only,移植上游,吸收上游文件/资源。
art/chibi/fix-maid-headband.mjs,upstream-only,移植上游,吸收上游文件/资源。
art/chibi/fix-sailor-back-hem.mjs,upstream-only,移植上游,吸收上游文件/资源。
art/chibi/fix-sailor-pants-seat.mjs,upstream-only,移植上游,吸收上游文件/资源。
art/chibi/fix-sailor-shoulders.mjs,upstream-only,移植上游,吸收上游文件/资源。
art/chibi/flare-sailor-short-sleeves.mjs,upstream-only,移植上游,吸收上游文件/资源。
art/chibi/forearm-twist-qa.ts,upstream-only,移植上游,保留上游实现；移除业务埋点，必要时适配二改接口。
art/chibi/happy-wave-qa.ts,upstream-only,移植上游,保留上游实现；移除业务埋点，必要时适配二改接口。
art/chibi/import-face-psd.mjs,upstream-only,移植上游,吸收上游文件/资源。
art/chibi/import-meshy-ears.mjs,upstream-only,移植上游,吸收上游文件/资源。
art/chibi/import-meshy-motions.mjs,upstream-only,移植上游,吸收上游文件/资源。
art/chibi/import-mmd-breath.mjs,upstream-only,移植上游,吸收上游文件/资源。
art/chibi/import-vrma-wardrobe.mjs,upstream-only,移植上游,吸收上游文件/资源。
art/chibi/import-wardrobe-motions.mjs,upstream-only,移植上游,吸收上游文件/资源。
art/chibi/little-cardigan-approved.json,upstream-only,移植上游,吸收上游文件/资源。
art/chibi/meshy-ears-report.json,upstream-only,移植上游,吸收上游文件/资源。
art/chibi/motion-sources/CMU-cgspeed-README.txt,upstream-only,移植上游,吸收上游文件/资源。
art/chibi/motion-sources/DiSK-Breath-CC0.txt,upstream-only,移植上游,吸收上游文件/资源。
art/chibi/motion-sources/DiSK-Breath_1800F.vmd,upstream-only,移植上游,吸收上游文件/资源。
art/chibi/motion-sources/Hanami-NOTICE.md,upstream-only,移植上游,吸收上游文件/资源。
art/chibi/motion-sources/MESHY-SELECTED-CREDITS.md,upstream-only,移植上游,吸收上游文件/资源。
art/chibi/motion-sources/Mesh2Motion-LICENSE-CC0.md,upstream-only,移植上游,吸收上游文件/资源。
art/chibi/motion-sources/Overte-LICENSE-Apache-2.0.txt,upstream-only,移植上游,吸收上游文件/资源。
art/chibi/motion-sources/PHOTO-CC0-REVIEW.md,upstream-only,移植上游,吸收上游文件/资源。
art/chibi/motion-sources/PHOTO-POSE-CREDITS.md,upstream-only,移植上游,吸收上游文件/资源。
art/chibi/motion-sources/ROOM-WALK-CREDITS.md,upstream-only,移植上游,吸收上游文件/资源。
art/chibi/motion-sources/SELECTED-CREDITS.md,upstream-only,移植上游,吸收上游文件/资源。
art/chibi/motion-sources/SOCIAL-CREDITS.md,upstream-only,移植上游,吸收上游文件/资源。
art/chibi/motion-sources/VRMA-CC0.md,upstream-only,移植上游,吸收上游文件/资源。
art/chibi/motion-sources/home-approved-selection.json,upstream-only,移植上游,吸收上游文件/资源。
art/chibi/motion-sources/home-source-catalog.json,upstream-only,移植上游,吸收上游文件/资源。
art/chibi/motion-sources/meshy-user-pack-20260930.json,upstream-only,移植上游,吸收上游文件/资源。
art/chibi/motion-sources/overte-manifest.json,upstream-only,移植上游,吸收上游文件/资源。
art/chibi/motion-sources/social-approved-selection.json,upstream-only,移植上游,吸收上游文件/资源。
art/chibi/motion-sources/social-intake-manifest.json,upstream-only,移植上游,吸收上游文件/资源。
art/chibi/natural-blazer-shell.mjs,upstream-only,移植上游,吸收上游文件/资源。
art/chibi/natural-shirt-shell.mjs,upstream-only,移植上游,吸收上游文件/资源。
art/chibi/original-wardrobe.json,upstream-only,移植上游,吸收上游文件/资源。
art/chibi/pleated-skirt.mjs,upstream-only,移植上游,吸收上游文件/资源。
art/chibi/publish-approved-wardrobe.mjs,upstream-only,移植上游,吸收上游文件/资源。
art/chibi/publish-classic-highlights.mjs,upstream-only,移植上游,吸收上游文件/资源。
art/chibi/publish-original-eyes.mjs,upstream-only,移植上游,吸收上游文件/资源。
art/chibi/publish-original-wardrobe.mjs,upstream-only,移植上游,吸收上游文件/资源。
art/chibi/publish-original-wardrobe.ts,upstream-only,移植上游,保留上游实现；移除业务埋点，必要时适配二改接口。
art/chibi/publish-wardrobe-colors.mjs,upstream-only,移植上游,吸收上游文件/资源。
art/chibi/qipao-body-shell.mjs,upstream-only,移植上游,吸收上游文件/资源。
art/chibi/rebuild-hood-parka.mjs,upstream-only,移植上游,吸收上游文件/资源。
art/chibi/rebuild-stand-collar-0920.mjs,upstream-only,移植上游,吸收上游文件/资源。
art/chibi/refine-body.mjs,upstream-only,移植上游,吸收上游文件/资源。
art/chibi/refine-elbow-loops.mjs,upstream-only,移植上游,吸收上游文件/资源。
art/chibi/refine-forearm-loops.mjs,upstream-only,移植上游,吸收上游文件/资源。
art/chibi/render-approved-thumbnails.mjs,upstream-only,移植上游,吸收上游文件/资源。
art/chibi/render-wardrobe-clay-reference.mjs,upstream-only,移植上游,吸收上游文件/资源。
art/chibi/retopologize-arms.py,upstream-only,移植上游,吸收上游文件/资源。
art/chibi/retopologize-calves.py,upstream-only,移植上游,吸收上游文件/资源。
art/chibi/sailor-shirt-cuffs.mjs,upstream-only,移植上游,吸收上游文件/资源。
art/chibi/tailored-current-body.mjs,upstream-only,移植上游,吸收上游文件/资源。
art/chibi/tailored-swim-shorts.mjs,upstream-only,移植上游,吸收上游文件/资源。
art/chibi/update-rebuilt-wardrobe-metadata.mjs,upstream-only,移植上游,吸收上游文件/资源。
art/chibi/verify-boot-fit.mjs,upstream-only,移植上游,吸收上游文件/资源。
art/chibi/wardrobe-clay-reference.html,upstream-only,移植上游,吸收上游文件/资源。
art/chibi/wardrobe-thumbnails.html,upstream-only,移植上游,吸收上游文件/资源。
art/jellyfish-home/README.md,upstream-only,移植上游,吸收上游文件/资源。
art/jellyfish-home/action-limbs-qa.mjs,upstream-only,移植上游,吸收上游文件/资源。
art/jellyfish-home/asset-geometry.mjs,upstream-only,移植上游,吸收上游文件/资源。
art/jellyfish-home/audit-furniture-paint.mjs,upstream-only,移植上游,吸收上游文件/资源。
art/jellyfish-home/bathroom-assets.mjs,upstream-only,移植上游,吸收上游文件/资源。
art/jellyfish-home/bathroom-mobile-qa.mjs,upstream-only,移植上游,吸收上游文件/资源。
art/jellyfish-home/bathroom-qa.mjs,upstream-only,移植上游,吸收上游文件/资源。
art/jellyfish-home/bathroom-reference-assets.mjs,upstream-only,移植上游,吸收上游文件/资源。
art/jellyfish-home/bedroom-assets.mjs,upstream-only,移植上游,吸收上游文件/资源。
art/jellyfish-home/bedroom-detail-qa.mjs,upstream-only,移植上游,吸收上游文件/资源。
art/jellyfish-home/bedroom-qa.mjs,upstream-only,移植上游,吸收上游文件/资源。
art/jellyfish-home/bedroom-reference-assets.mjs,upstream-only,移植上游,吸收上游文件/资源。
art/jellyfish-home/botanical-assets.mjs,upstream-only,移植上游,吸收上游文件/资源。
art/jellyfish-home/botanical-qa.mjs,upstream-only,移植上游,吸收上游文件/资源。
art/jellyfish-home/build.py,upstream-only,移植上游,吸收上游文件/资源。
art/jellyfish-home/building-qa.mjs,upstream-only,移植上游,吸收上游文件/资源。
art/jellyfish-home/camera-qa.mjs,upstream-only,移植上游,吸收上游文件/资源。
art/jellyfish-home/catalog-qa.mjs,upstream-only,移植上游,吸收上游文件/资源。
art/jellyfish-home/chair-seat-height.mjs,upstream-only,移植上游,吸收上游文件/资源。
art/jellyfish-home/chibi-proportions-qa.mjs,upstream-only,移植上游,吸收上游文件/资源。
art/jellyfish-home/docking-qa.mjs,upstream-only,移植上游,吸收上游文件/资源。
art/jellyfish-home/editor-build.mjs,upstream-only,移植上游,吸收上游文件/资源。
art/jellyfish-home/editor-entry.js,upstream-only,移植上游,吸收上游文件/资源。
art/jellyfish-home/editor-qa.mjs,upstream-only,移植上游,吸收上游文件/资源。
art/jellyfish-home/export-furniture-thumbnails.mjs,upstream-only,移植上游,吸收上游文件/资源。
art/jellyfish-home/export_kit.py,upstream-only,移植上游,吸收上游文件/资源。
art/jellyfish-home/finishes-qa.mjs,upstream-only,移植上游,吸收上游文件/资源。
art/jellyfish-home/furniture-interaction-qa.mjs,upstream-only,移植上游,吸收上游文件/资源。
art/jellyfish-home/gaming-assets.mjs,upstream-only,移植上游,吸收上游文件/资源。
art/jellyfish-home/gaming-qa.mjs,upstream-only,移植上游,吸收上游文件/资源。
art/jellyfish-home/index.html,upstream-only,移植上游,吸收上游文件/资源。
art/jellyfish-home/inspect-bathroom.mjs,upstream-only,移植上游,吸收上游文件/资源。
art/jellyfish-home/inspect-bedroom.mjs,upstream-only,移植上游,吸收上游文件/资源。
art/jellyfish-home/inspect-botanical.mjs,upstream-only,移植上游,吸收上游文件/资源。
art/jellyfish-home/inspect-showrooms.mjs,upstream-only,移植上游,吸收上游文件/资源。
art/jellyfish-home/integration-qa.mjs,upstream-only,移植上游,吸收上游文件/资源。
art/jellyfish-home/integration-vite.config.ts,upstream-only,移植上游,保留上游实现；移除业务埋点，必要时适配二改接口。
art/jellyfish-home/interaction-qa.mjs,upstream-only,移植上游,吸收上游文件/资源。
art/jellyfish-home/kitchen-actions-qa.mjs,upstream-only,移植上游,吸收上游文件/资源。
art/jellyfish-home/kitchen-assets.mjs,upstream-only,移植上游,吸收上游文件/资源。
art/jellyfish-home/kitchen-finish-parts.mjs,upstream-only,移植上游,吸收上游文件/资源。
art/jellyfish-home/kitchen-qa.mjs,upstream-only,移植上游,吸收上游文件/资源。
art/jellyfish-home/kitchen-reference-assets.mjs,upstream-only,移植上游,吸收上游文件/资源。
art/jellyfish-home/kitchenware-assets.mjs,upstream-only,移植上游,吸收上游文件/资源。
art/jellyfish-home/kitchenware-qa.mjs,upstream-only,移植上游,吸收上游文件/资源。
art/jellyfish-home/lighting-qa.mjs,upstream-only,移植上游,吸收上游文件/资源。
art/jellyfish-home/living-cat-tree.mjs,upstream-only,移植上游,吸收上游文件/资源。
art/jellyfish-home/living-reference-assets.mjs,upstream-only,移植上游,吸收上游文件/资源。
art/jellyfish-home/loft-guard-qa.mjs,upstream-only,移植上游,吸收上游文件/资源。
art/jellyfish-home/lower-gaming-chair.mjs,upstream-only,移植上游,吸收上游文件/资源。
art/jellyfish-home/media-assets.mjs,upstream-only,移植上游,吸收上游文件/资源。
art/jellyfish-home/media-qa.mjs,upstream-only,移植上游,吸收上游文件/资源。
art/jellyfish-home/new-body-motion-qa.mjs,upstream-only,移植上游,吸收上游文件/资源。
art/jellyfish-home/package.mjs,upstream-only,移植上游,吸收上游文件/资源。
art/jellyfish-home/performance-qa.mjs,upstream-only,移植上游,吸收上游文件/资源。
art/jellyfish-home/petal-sofa-qa.mjs,upstream-only,移植上游,吸收上游文件/资源。
art/jellyfish-home/petal-variants.mjs,upstream-only,移植上游,吸收上游文件/资源。
art/jellyfish-home/phone-budget-qa.mjs,upstream-only,移植上游,吸收上游文件/资源。
art/jellyfish-home/placement-guide-qa.mjs,upstream-only,移植上游,吸收上游文件/资源。
art/jellyfish-home/prepare_blender_view.py,upstream-only,移植上游,吸收上游文件/资源。
art/jellyfish-home/qa.mjs,upstream-only,移植上游,吸收上游文件/资源。
art/jellyfish-home/quality-qa.mjs,upstream-only,移植上游,吸收上游文件/资源。
art/jellyfish-home/remove-entry-pieces.mjs,upstream-only,移植上游,吸收上游文件/资源。
art/jellyfish-home/repair-dresser.mjs,upstream-only,移植上游,吸收上游文件/资源。
art/jellyfish-home/repair-loft-guards.mjs,upstream-only,移植上游,吸收上游文件/资源。
art/jellyfish-home/rhythm-qa.mjs,upstream-only,移植上游,吸收上游文件/资源。
art/jellyfish-home/room-layout-qa.mjs,upstream-only,移植上游,吸收上游文件/资源。
art/jellyfish-home/room-palette-materials.mjs,upstream-only,移植上游,吸收上游文件/资源。
art/jellyfish-home/room-scope-qa.mjs,upstream-only,移植上游,吸收上游文件/资源。
art/jellyfish-home/rotation-qa.mjs,upstream-only,移植上游,吸收上游文件/资源。
art/jellyfish-home/seating-qa.mjs,upstream-only,移植上游,吸收上游文件/资源。
art/jellyfish-home/server.mjs,upstream-only,移植上游,吸收上游文件/资源。
art/jellyfish-home/showroom-assets.mjs,upstream-only,移植上游,吸收上游文件/资源。
art/jellyfish-home/showroom-bedroom-extras-qa.mjs,upstream-only,移植上游,吸收上游文件/资源。
art/jellyfish-home/showroom-bedroom-extras.mjs,upstream-only,移植上游,吸收上游文件/资源。
art/jellyfish-home/showroom-decor-qa.mjs,upstream-only,移植上游,吸收上游文件/资源。
art/jellyfish-home/showroom-decor.mjs,upstream-only,移植上游,吸收上游文件/资源。
art/jellyfish-home/showroom-door.mjs,upstream-only,移植上游,吸收上游文件/资源。
art/jellyfish-home/showroom-parts.mjs,upstream-only,移植上游,吸收上游文件/资源。
art/jellyfish-home/showroom-window-source.mjs,upstream-only,移植上游,吸收上游文件/资源。
art/jellyfish-home/showrooms-detail-qa.mjs,upstream-only,移植上游,吸收上游文件/资源。
art/jellyfish-home/showrooms-qa.mjs,upstream-only,移植上游,吸收上游文件/资源。
art/jellyfish-home/sources/bathroom-1-geometry.glb,upstream-only,移植上游,吸收上游文件/资源。
art/jellyfish-home/sources/bathroom-10-geometry.glb,upstream-only,移植上游,吸收上游文件/资源。
art/jellyfish-home/sources/bathroom-2-geometry.glb,upstream-only,移植上游,吸收上游文件/资源。
art/jellyfish-home/sources/bathroom-3-geometry.glb,upstream-only,移植上游,吸收上游文件/资源。
art/jellyfish-home/sources/bathroom-4-geometry.glb,upstream-only,移植上游,吸收上游文件/资源。
art/jellyfish-home/sources/bathroom-5-geometry.glb,upstream-only,移植上游,吸收上游文件/资源。
art/jellyfish-home/sources/bathroom-6-geometry.glb,upstream-only,移植上游,吸收上游文件/资源。
art/jellyfish-home/sources/bathroom-7-geometry.glb,upstream-only,移植上游,吸收上游文件/资源。
art/jellyfish-home/sources/bathroom-8-geometry.glb,upstream-only,移植上游,吸收上游文件/资源。
art/jellyfish-home/sources/bathroom-9-geometry.glb,upstream-only,移植上游,吸收上游文件/资源。
art/jellyfish-home/sources/bedroom-1-geometry.glb,upstream-only,移植上游,吸收上游文件/资源。
art/jellyfish-home/sources/bedroom-10-geometry.glb,upstream-only,移植上游,吸收上游文件/资源。
art/jellyfish-home/sources/bedroom-2-geometry.glb,upstream-only,移植上游,吸收上游文件/资源。
art/jellyfish-home/sources/bedroom-3-geometry.glb,upstream-only,移植上游,吸收上游文件/资源。
art/jellyfish-home/sources/bedroom-4-geometry.glb,upstream-only,移植上游,吸收上游文件/资源。
art/jellyfish-home/sources/bedroom-5-geometry.glb,upstream-only,移植上游,吸收上游文件/资源。
art/jellyfish-home/sources/bedroom-6-geometry.glb,upstream-only,移植上游,吸收上游文件/资源。
art/jellyfish-home/sources/bedroom-7-geometry.glb,upstream-only,移植上游,吸收上游文件/资源。
art/jellyfish-home/sources/bedroom-8-geometry.glb,upstream-only,移植上游,吸收上游文件/资源。
art/jellyfish-home/sources/bedroom-9-geometry.glb,upstream-only,移植上游,吸收上游文件/资源。
art/jellyfish-home/sources/daisy-table-geometry.glb,upstream-only,移植上游,吸收上游文件/资源。
art/jellyfish-home/sources/gaming-1-geometry.glb,upstream-only,移植上游,吸收上游文件/资源。
art/jellyfish-home/sources/gaming-2-geometry.glb,upstream-only,移植上游,吸收上游文件/资源。
art/jellyfish-home/sources/gaming-3-geometry.glb,upstream-only,移植上游,吸收上游文件/资源。
art/jellyfish-home/sources/gaming-4-geometry.glb,upstream-only,移植上游,吸收上游文件/资源。
art/jellyfish-home/sources/gaming-5-geometry.glb,upstream-only,移植上游,吸收上游文件/资源。
art/jellyfish-home/sources/gaming-6-geometry.glb,upstream-only,移植上游,吸收上游文件/资源。
art/jellyfish-home/sources/gaming-7-geometry.glb,upstream-only,移植上游,吸收上游文件/资源。
art/jellyfish-home/sources/gaming-8-geometry.glb,upstream-only,移植上游,吸收上游文件/资源。
art/jellyfish-home/sources/gaming-9-geometry.glb,upstream-only,移植上游,吸收上游文件/资源。
art/jellyfish-home/sources/gaming-arcade-geometry.glb,upstream-only,移植上游,吸收上游文件/资源。
art/jellyfish-home/sources/gaming-chair-geometry.glb,upstream-only,移植上游,吸收上游文件/资源。
art/jellyfish-home/sources/gaming-nook-geometry.glb,upstream-only,移植上游,吸收上游文件/资源。
art/jellyfish-home/sources/kitchen-1-geometry.glb,upstream-only,移植上游,吸收上游文件/资源。
art/jellyfish-home/sources/kitchen-10-geometry.glb,upstream-only,移植上游,吸收上游文件/资源。
art/jellyfish-home/sources/kitchen-2-geometry.glb,upstream-only,移植上游,吸收上游文件/资源。
art/jellyfish-home/sources/kitchen-3-geometry.glb,upstream-only,移植上游,吸收上游文件/资源。
art/jellyfish-home/sources/kitchen-4-geometry.glb,upstream-only,移植上游,吸收上游文件/资源。
art/jellyfish-home/sources/kitchen-5-geometry.glb,upstream-only,移植上游,吸收上游文件/资源。
art/jellyfish-home/sources/kitchen-6-geometry.glb,upstream-only,移植上游,吸收上游文件/资源。
art/jellyfish-home/sources/kitchen-7-geometry.glb,upstream-only,移植上游,吸收上游文件/资源。
art/jellyfish-home/sources/kitchen-8-geometry.glb,upstream-only,移植上游,吸收上游文件/资源。
art/jellyfish-home/sources/kitchen-9-geometry.glb,upstream-only,移植上游,吸收上游文件/资源。
art/jellyfish-home/sources/kitchenware/geometry.glb,upstream-only,移植上游,吸收上游文件/资源。
art/jellyfish-home/sources/kitchenware/manifest.json,upstream-only,移植上游,吸收上游文件/资源。
art/jellyfish-home/sources/kitchenware/reference-report.json,upstream-only,移植上游,吸收上游文件/资源。
art/jellyfish-home/sources/kitchenware/report.json,upstream-only,移植上游,吸收上游文件/资源。
art/jellyfish-home/sources/monstera-geometry.glb,upstream-only,移植上游,吸收上游文件/资源。
art/jellyfish-home/sources/petal-sofa-solid.glb,upstream-only,移植上游,吸收上游文件/资源。
art/jellyfish-home/sources/showrooms/assets-report.json,upstream-only,移植上游,吸收上游文件/资源。
art/jellyfish-home/sources/showrooms/bed.glb,upstream-only,移植上游,吸收上游文件/资源。
art/jellyfish-home/sources/showrooms/bedroom-extras-report.json,upstream-only,移植上游,吸收上游文件/资源。
art/jellyfish-home/sources/showrooms/bedroom-reference-report.json,upstream-only,移植上游,吸收上游文件/资源。
art/jellyfish-home/sources/showrooms/bedroom_bench.glb,upstream-only,移植上游,吸收上游文件/资源。
art/jellyfish-home/sources/showrooms/bedroom_dresser.glb,upstream-only,移植上游,吸收上游文件/资源。
art/jellyfish-home/sources/showrooms/bedroom_low_shelf.glb,upstream-only,移植上游,吸收上游文件/资源。
art/jellyfish-home/sources/showrooms/bedroom_pouf.glb,upstream-only,移植上游,吸收上游文件/资源。
art/jellyfish-home/sources/showrooms/cat_tree.glb,upstream-only,移植上游,吸收上游文件/资源。
art/jellyfish-home/sources/showrooms/curtain-window.glb,upstream-only,移植上游,吸收上游文件/资源。
art/jellyfish-home/sources/showrooms/decor-report.json,upstream-only,移植上游,吸收上游文件/资源。
art/jellyfish-home/sources/showrooms/kitchen_bench.glb,upstream-only,移植上游,吸收上游文件/资源。
art/jellyfish-home/sources/showrooms/kitchen_counter.glb,upstream-only,移植上游,吸收上游文件/资源。
art/jellyfish-home/sources/showrooms/kitchen_island.glb,upstream-only,移植上游,吸收上游文件/资源。
art/jellyfish-home/sources/showrooms/kitchen_range.glb,upstream-only,移植上游,吸收上游文件/资源。
art/jellyfish-home/sources/showrooms/living-cat-tree-geometry.glb,upstream-only,移植上游,吸收上游文件/资源。
art/jellyfish-home/sources/showrooms/living-collection-geometry.glb,upstream-only,移植上游,吸收上游文件/资源。
art/jellyfish-home/sources/showrooms/living_console.glb,upstream-only,移植上游,吸收上游文件/资源。
art/jellyfish-home/sources/showrooms/living_pouf.glb,upstream-only,移植上游,吸收上游文件/资源。
art/jellyfish-home/sources/showrooms/living_sofa.glb,upstream-only,移植上游,吸收上游文件/资源。
art/jellyfish-home/sources/showrooms/living_table.glb,upstream-only,移植上游,吸收上游文件/资源。
art/jellyfish-home/sources/showrooms/manifest.json,upstream-only,移植上游,吸收上游文件/资源。
art/jellyfish-home/sources/showrooms/plant-large.glb,upstream-only,移植上游,吸收上游文件/资源。
art/jellyfish-home/sources/showrooms/plant-small.glb,upstream-only,移植上游,吸收上游文件/资源。
art/jellyfish-home/sources/showrooms/raw-report.json,upstream-only,移植上游,吸收上游文件/资源。
art/jellyfish-home/sources/showrooms/ribbon-door.glb,upstream-only,移植上游,吸收上游文件/资源。
art/jellyfish-home/sources/showrooms/spa_bucket.glb,upstream-only,移植上游,吸收上游文件/资源。
art/jellyfish-home/sources/showrooms/spa_chest.glb,upstream-only,移植上游,吸收上游文件/资源。
art/jellyfish-home/sources/showrooms/spa_lantern.glb,upstream-only,移植上游,吸收上游文件/资源。
art/jellyfish-home/sources/showrooms/spa_pool.glb,upstream-only,移植上游,吸收上游文件/资源。
art/jellyfish-home/sources/showrooms/spa_stool.glb,upstream-only,移植上游,吸收上游文件/资源。
art/jellyfish-home/sources/showrooms/study-approved-layout.json,upstream-only,移植上游,吸收上游文件/资源。
art/jellyfish-home/sources/showrooms/study_desk.glb,upstream-only,移植上游,吸收上游文件/资源。
art/jellyfish-home/sources/showrooms/study_pouf.glb,upstream-only,移植上游,吸收上游文件/资源。
art/jellyfish-home/sources/showrooms/study_shelf.glb,upstream-only,移植上游,吸收上游文件/资源。
art/jellyfish-home/sources/showrooms/study_tea_table.glb,upstream-only,移植上游,吸收上游文件/资源。
art/jellyfish-home/sources/showrooms/study_tower.glb,upstream-only,移植上游,吸收上游文件/资源。
art/jellyfish-home/sources/showrooms/wardrobe.glb,upstream-only,移植上游,吸收上游文件/资源。
art/jellyfish-home/sources/wooden-window-geometry.glb,upstream-only,移植上游,吸收上游文件/资源。
art/jellyfish-home/study-cabinet-finishes.mjs,upstream-only,移植上游,吸收上游文件/资源。
art/jellyfish-home/study-gaming-finishes.mjs,upstream-only,移植上游,吸收上游文件/资源。
art/jellyfish-home/study-reference-assets.mjs,upstream-only,移植上游,吸收上游文件/资源。
art/jellyfish-home/support-qa.mjs,upstream-only,移植上游,吸收上游文件/资源。
art/jellyfish-home/topology-qa.mjs,upstream-only,移植上游,吸收上游文件/资源。
art/jellyfish-home/viewer.js,upstream-only,移植上游,吸收上游文件/资源。
art/jellyfish-home/wall-mount-qa.mjs,upstream-only,移植上游,吸收上游文件/资源。
art/jellyfish-home/widen-dining-bench.mjs,upstream-only,移植上游,吸收上游文件/资源。
art/jellyfish-home/window-daylight-qa.mjs,upstream-only,移植上游,吸收上游文件/资源。
art/pets/build.py,upstream-only,移植上游,吸收上游文件/资源。
art/pets/contact-qa.mjs,upstream-only,移植上游,吸收上游文件/资源。
art/pets/import-shark.mjs,upstream-only,移植上游,吸收上游文件/资源。
art/pets/inspect.mjs,upstream-only,移植上游,吸收上游文件/资源。
art/pets/life-qa.mjs,upstream-only,移植上游,吸收上游文件/资源。
art/pets/manifest.json,upstream-only,移植上游,吸收上游文件/资源。
art/pets/pack.mjs,upstream-only,移植上游,吸收上游文件/资源。
art/pets/package.mjs,upstream-only,移植上游,吸收上游文件/资源。
art/pets/panel-qa.mjs,upstream-only,移植上游,吸收上游文件/资源。
art/pets/qa.mjs,upstream-only,移植上游,吸收上游文件/资源。
art/pets/register.mjs,upstream-only,移植上游,吸收上游文件/资源。
art/pets/render.py,upstream-only,移植上游,吸收上游文件/资源。
art/pets/sources/1.glb,upstream-only,移植上游,吸收上游文件/资源。
art/pets/sources/2.glb,upstream-only,移植上游,吸收上游文件/资源。
art/pets/sources/3.glb,upstream-only,移植上游,吸收上游文件/资源。
art/pets/sources/4.glb,upstream-only,移植上游,吸收上游文件/资源。
art/pets/sources/5.glb,upstream-only,移植上游,吸收上游文件/资源。
art/pets/sources/6.glb,upstream-only,移植上游,吸收上游文件/资源。
art/pets/sources/7.glb,upstream-only,移植上游,吸收上游文件/资源。
art/pets/supplies.mjs,upstream-only,移植上游,吸收上游文件/资源。
art/pets/wheel-qa.mjs,upstream-only,移植上游,吸收上游文件/资源。
assets/sar-club-room.png,upstream-only,移植上游,吸收上游文件/资源。
assets/sar/aiven-chibi.png,upstream-only,移植上游,吸收上游文件/资源。
assets/sar/caian-chibi.png,upstream-only,移植上游,吸收上游文件/资源。
assets/sar/room-hotspots.png,upstream-only,移植上游,吸收上游文件/资源。
assets/sar/room-walk-mask.png,upstream-only,移植上游,吸收上游文件/资源。
capacitor.config.json,shared-change,三方融合并核对,保留双方不重叠代码，按当前契约验证调用点。
chibi-experiment.html,upstream-only,移植上游,吸收上游文件/资源。
chibi-reference.html,upstream-only,移植上游,吸收上游文件/资源。
chibi-wardrobe.html,upstream-only,移植上游,吸收上游文件/资源。
components/Amsg2DebugPanel.tsx,upstream-only,移植上游,保留上游实现；移除业务埋点，必要时适配二改接口。
components/AppMemoryCandidatePanel.tsx,fork-only,保留二改,保留二改路径；相关调用按融合后的接口调整。
components/ChatBroadcast.tsx,upstream-only,移植上游,保留上游实现；移除业务埋点，必要时适配二改接口。
components/DatabaseGuard.css,upstream-only,移植上游,吸收上游文件/资源。
components/DatabaseGuard.tsx,upstream-only,移植上游,保留上游实现；移除业务埋点，必要时适配二改接口。
components/DevDebugPanel.tsx,upstream-only,移植上游,保留上游实现；移除业务埋点，必要时适配二改接口。
components/EatAppHost.tsx,fork-only,保留二改,保留二改路径；相关调用按融合后的接口调整。
components/FeedbackInvitation.css,upstream-only,移植上游,吸收上游文件/资源。
components/FeedbackInvitation.tsx,upstream-only,移植上游,保留上游实现；移除业务埋点，必要时适配二改接口。
components/FirstUseGuide.tsx,upstream-only,移植上游,保留上游实现；移除业务埋点，必要时适配二改接口。
components/GameHallAutoplayHost.tsx,fork-only,保留二改,保留二改路径；相关调用按融合后的接口调整。
components/HomeCompanionDebug.tsx,upstream-only,移植上游,保留上游实现；移除业务埋点，必要时适配二改接口。
components/InstantPushSunsetEvent.tsx,upstream-only,保留二改可选 Instant Push,上游删除，二改继续保留和打包。
components/Like520Event.tsx,shared-change,三方融合并核对,保留双方不重叠代码，按当前契约验证调用点。
components/MemoryContentEditor.tsx,upstream-only,移植上游,保留上游实现；移除业务埋点，必要时适配二改接口。
components/MemoryGuideActions.tsx,upstream-only,移植上游,保留上游实现；移除业务埋点，必要时适配二改接口。
components/MemoryTimeText.tsx,upstream-only,移植上游,保留上游实现；移除业务埋点，必要时适配二改接口。
components/MomentsScheduler.tsx,fork-only,保留二改,保留二改路径；相关调用按融合后的接口调整。
components/NativeAppUpdate.tsx,fork-only,保留二改,保留二改路径；相关调用按融合后的接口调整。
components/PhoneShell.tsx,shared-change,手工融合完成,Keep native update and existing optional Instant Push update controls while adding upstream shell changes.
components/SensitiveTextInput.tsx,fork-only,保留二改,保留二改路径；相关调用按融合后的接口调整。
components/UpdateNotificationEvent.tsx,upstream-only,移植上游,保留上游实现；移除业务埋点，必要时适配二改接口。
components/ValentineEvent.tsx,shared-change,三方融合并核对,保留双方不重叠代码，按当前契约验证调用点。
components/WebUpdateNotice.css,upstream-only,移植上游,吸收上游文件/资源。
components/WebUpdateNotice.tsx,upstream-only,移植上游,保留上游实现；移除业务埋点，必要时适配二改接口。
components/WhiteDayEvent.tsx,shared-change,三方融合并核对,保留双方不重叠代码，按当前契约验证调用点。
components/WorkerUpdateReminderEvent.tsx,upstream-only,保留二改可选 Instant Push,上游删除，二改继续保留和打包。
components/apiCost/ApiCostHeatmap.tsx,fork-only,保留二改,保留二改路径；相关调用按融合后的接口调整。
components/apiCost/UnpricedCostResolver.tsx,fork-only,保留二改,保留二改路径；相关调用按融合后的接口调整。
components/appearance/AppIconEditor.tsx,upstream-only,移植上游,保留上游实现；移除业务埋点，必要时适配二改接口。
components/appearance/BeautyCatalog.css,upstream-only,移植上游,吸收上游文件/资源。
components/appearance/BeautyCatalog.tsx,upstream-only,移植上游,保留上游实现；移除业务埋点，必要时适配二改接口。
components/appearance/BeautyShareChannel.tsx,upstream-only,移植上游,保留上游实现；移除业务埋点，必要时适配二改接口。
components/appearance/BeautyWardrobe.css,upstream-only,移植上游,吸收上游文件/资源。
components/appearance/BeautyWardrobe.tsx,upstream-only,移植上游,保留上游实现；移除业务埋点，必要时适配二改接口。
components/appearance/BootAnimationSettings.tsx,upstream-only,移植上游,保留上游实现；移除业务埋点，必要时适配二改接口。
components/appearance/ChatAppearanceEditor.tsx,shared-change,保留二改行为,上游删除旧 Instant Push，二改继续提供其受支持用法。
components/appearance/FullscreenSettings.tsx,upstream-only,移植上游,保留上游实现；移除业务埋点，必要时适配二改接口。
components/bank/BankAnalytics.tsx,upstream-only,移植上游,保留上游实现；移除业务埋点，必要时适配二改接口。
components/bank/BankShopScene.tsx,upstream-only,移植上游,保留上游实现；移除业务埋点，必要时适配二改接口。
components/call/Live2DActionSettings.tsx,upstream-only,移植上游,保留上游实现；移除业务埋点，必要时适配二改接口。
components/call/Live2DAvatarCanvas.tsx,shared-change,三方融合并核对,保留双方不重叠代码，按当前契约验证调用点。
components/call/VRMAvatarCanvas.tsx,upstream-only,移植上游,保留上游实现；移除业务埋点，必要时适配二改接口。
components/call/VRMVideoCallStage.tsx,upstream-only,移植上游,保留上游实现；移除业务埋点，必要时适配二改接口。
components/call/VRoidBetaWarning.tsx,upstream-only,移植上游,保留上游实现；移除业务埋点，必要时适配二改接口。
components/character/CharacterApiPanel.tsx,upstream-only,移植上游,保留上游实现；移除业务埋点，必要时适配二改接口。
components/character/CharacterSettingsSection.tsx,upstream-only,移植上游,保留上游实现；移除业务埋点，必要时适配二改接口。
components/character/CharacterStatsPanel.tsx,upstream-only,移植上游,保留上游实现；移除业务埋点，必要时适配二改接口。
components/character/ChibiStudio.tsx,upstream-only,移植上游,保留上游实现；移除业务埋点，必要时适配二改接口。
components/character/HomeFigureEditor.tsx,upstream-only,移植上游,保留上游实现；移除业务埋点，必要时适配二改接口。
components/character/HomeFigureStudio.tsx,upstream-only,移植上游,保留上游实现；移除业务埋点，必要时适配二改接口。
components/character/MemoryArchivist.tsx,upstream-only,移植上游,保留上游实现；移除业务埋点，必要时适配二改接口。
components/character/NovelAiReferenceSettings.tsx,fork-only,保留二改,保留二改路径；相关调用按融合后的接口调整。
components/character/homeFigureEditor.css,upstream-only,移植上游,吸收上游文件/资源。
components/chat/ActiveMsg2PacingModal.tsx,upstream-only,移植上游,保留上游实现；移除业务埋点，必要时适配二改接口。
components/chat/ActiveMsg2SettingsModal.tsx,upstream-only,移植上游,保留单独 API 配置界面与落盘，融合新频率弹窗和即时聊天开关。
components/chat/AvatarFrameImageEditor.tsx,upstream-only,移植上游,保留上游实现；移除业务埋点，必要时适配二改接口。
components/chat/BlobRefStyle.tsx,upstream-only,移植上游,保留上游实现；移除业务埋点，必要时适配二改接口。
components/chat/BubbleMaker.tsx,upstream-only,移植上游,保留上游实现；移除业务埋点，必要时适配二改接口。
components/chat/ChatAppearanceWardrobe.tsx,upstream-only,移植上游,保留上游实现；移除业务埋点，必要时适配二改接口。
components/chat/ChatCamera.css,upstream-only,移植上游,吸收上游文件/资源。
components/chat/ChatCamera.tsx,upstream-only,移植上游,保留上游实现；移除业务埋点，必要时适配二改接口。
components/chat/ChatCardSurface.css,upstream-only,移植上游,吸收上游文件/资源。
components/chat/ChatCardSurface.tsx,upstream-only,移植上游,保留上游实现；移除业务埋点，必要时适配二改接口。
components/chat/ChatDecorationAnnouncement.css,upstream-only,移植上游,吸收上游文件/资源。
components/chat/ChatDecorationAnnouncement.tsx,upstream-only,移植上游,保留上游实现；移除业务埋点，必要时适配二改接口。
components/chat/ChatDecorationPanel.css,upstream-only,移植上游,吸收上游文件/资源。
components/chat/ChatDecorationPanel.tsx,upstream-only,移植上游,保留上游实现；移除业务埋点，必要时适配二改接口。
components/chat/ChatDecorationPresets.tsx,upstream-only,移植上游,保留上游实现；移除业务埋点，必要时适配二改接口。
components/chat/ChatDecorationSample.tsx,upstream-only,移植上游,保留上游实现；移除业务埋点，必要时适配二改接口。
components/chat/ChatFineTunePanel.tsx,upstream-only,移植上游,保留上游实现；移除业务埋点，必要时适配二改接口。
components/chat/ChatHeader.tsx,shared-change,手工融合完成,Preserve reasoning sanitation and add character remark display.
components/chat/ChatHeaderShell.tsx,shared-change,三方融合并核对,保留双方不重叠代码，按当前契约验证调用点。
components/chat/ChatHistoryCleanupModal.tsx,upstream-only,移植上游,保留上游实现；移除业务埋点，必要时适配二改接口。
components/chat/ChatImage.css,upstream-only,移植上游,吸收上游文件/资源。
components/chat/ChatImage.tsx,upstream-only,移植上游,保留上游实现；移除业务埋点，必要时适配二改接口。
components/chat/ChatInputArea.tsx,shared-change,手工融合完成,"Use dynamic action pagination, camera, emoji suggestion/cache/export while retaining full category overview and role-use permissions."
components/chat/ChatInputSettings.tsx,upstream-only,移植上游,保留上游实现；移除业务埋点，必要时适配二改接口。
components/chat/ChatLayoutSettings.tsx,upstream-only,移植上游,保留上游实现；移除业务埋点，必要时适配二改接口。
components/chat/ChatModals.tsx,shared-change,手工融合完成,"Combine new sectioned settings and confirmed vectorization with custom background upload, translation expansion, batch emoji import and role-use switch."
components/chat/ChatSettingsSection.tsx,upstream-only,移植上游,保留上游实现；移除业务埋点，必要时适配二改接口。
components/chat/ChromeCssEditor.tsx,upstream-only,移植上游,保留上游实现；移除业务埋点，必要时适配二改接口。
components/chat/CssCodeEditor.tsx,upstream-only,移植上游,保留上游实现；移除业务埋点，必要时适配二改接口。
components/chat/DecorationDraftEditor.css,upstream-only,移植上游,吸收上游文件/资源。
components/chat/DecorationDraftEditor.tsx,upstream-only,移植上游,保留上游实现；移除业务埋点，必要时适配二改接口。
components/chat/DecorationGuide.css,upstream-only,移植上游,吸收上游文件/资源。
components/chat/DecorationGuide.tsx,upstream-only,移植上游,保留上游实现；移除业务埋点，必要时适配二改接口。
components/chat/DecorationPresetThumb.tsx,upstream-only,移植上游,保留上游实现；移除业务埋点，必要时适配二改接口。
components/chat/DecorationUpdatePopup.tsx,upstream-only,移植上游,保留上游实现；移除业务埋点，必要时适配二改接口。
components/chat/EmojiExportDialog.tsx,upstream-only,移植上游,保留上游实现；移除业务埋点，必要时适配二改接口。
components/chat/EmotionSettingsPanel.tsx,fork-only,保留二改,保留二改路径；相关调用按融合后的接口调整。
components/chat/GameHallHandoffCard.tsx,fork-only,保留二改,保留二改路径；相关调用按融合后的接口调整。
components/chat/ImageJobCard.tsx,fork-only,保留二改,保留二改路径；相关调用按融合后的接口调整。
components/chat/InstantChatRouteNotice.tsx,upstream-only,移植上游,保留上游实现；移除业务埋点，必要时适配二改接口。
components/chat/LegacyBubbleMakerEntry.tsx,upstream-only,移植上游,保留上游实现；移除业务埋点，必要时适配二改接口。
components/chat/MemoryContextSelfCheck.tsx,upstream-only,移植上游,保留上游实现；移除业务埋点，必要时适配二改接口。
components/chat/MemoryMaintenancePanel.tsx,upstream-only,移植上游,保留上游实现；移除业务埋点，必要时适配二改接口。
components/chat/MemoryRepairPortal.tsx,upstream-only,移植上游,保留上游实现；移除业务埋点，必要时适配二改接口。
components/chat/MessageItem.tsx,shared-change,手工融合完成,Use upstream image component while preserving selection/long-press suppression and custom global viewer with character/message identity.
components/chat/OutfitCollection.css,upstream-only,移植上游,吸收上游文件/资源。
components/chat/OutfitCollection.tsx,upstream-only,移植上游,保留上游实现；移除业务埋点，必要时适配二改接口。
components/chat/ProactiveSettingsModal.tsx,shared-change,手工融合完成,Retain configurable secondary proactive API with sensitive input control; upstream removed it but fork supports it.
components/chat/PsycheAppearanceEditor.tsx,upstream-only,移植上游,保留上游实现；移除业务埋点，必要时适配二改接口。
components/chat/SecretNote.tsx,upstream-only,移植上游,保留上游实现；移除业务埋点，必要时适配二改接口。
components/chat/ThinkingChainSettingsModal.tsx,upstream-only,移植上游,保留上游实现；移除业务埋点，必要时适配二改接口。
components/chat/VibeReferenceLibraryModal.tsx,fork-only,保留二改,保留二改路径；相关调用按融合后的接口调整。
components/chat/VoiceFavoritesPortal.tsx,upstream-only,移植上游,保留上游实现；移除业务埋点，必要时适配二改接口。
components/chat/WhiteboxSoundEditor.tsx,upstream-only,移植上游,保留上游实现；移除业务埋点，必要时适配二改接口。
components/chat/chatPreview.generated.css,upstream-only,移植上游,吸收上游文件/资源。
components/date/DateExtraEditor.tsx,upstream-only,移植上游,保留上游实现；移除业务埋点，必要时适配二改接口。
components/date/DateExtraPresets.tsx,upstream-only,移植上游,保留上游实现；移除业务埋点，必要时适配二改接口。
components/date/DateSession.tsx,shared-change,手工融合完成,"Fuse encounter-based history and shared reading appearance with fork resume recovery, foreground CG planner, efficient history windows and voice/OBSERVE controls."
components/date/DateSettings.tsx,shared-change,三方融合并核对,保留双方不重叠代码，按当前契约验证调用点。
components/date/MeetingAppearanceControl.tsx,upstream-only,移植上游,保留上游实现；移除业务埋点，必要时适配二改接口。
components/date/ObserveSettings.tsx,fork-only,保留二改,保留二改路径；相关调用按融合后的接口调整。
components/date/story/StoryHistoryPreview.tsx,fork-only,保留二改,保留二改路径；相关调用按融合后的接口调整。
components/date/story/StoryImageSettings.tsx,fork-only,保留二改,保留二改路径；相关调用按融合后的接口调整。
components/date/story/StoryPresetMaker.tsx,fork-only,保留二改,保留二改路径；相关调用按融合后的接口调整。
components/date/story/StoryPresetStitcher.tsx,fork-only,保留二改,保留二改路径；相关调用按融合后的接口调整。
components/date/story/StoryQuickPresetPanel.tsx,fork-only,保留二改,保留二改路径；相关调用按融合后的接口调整。
components/date/story/StoryTheater.tsx,shared-change,三方融合并核对,保留双方不重叠代码，按当前契约验证调用点。
components/date/story/StoryTheaterEditor.tsx,shared-change,三方融合并核对,保留双方不重叠代码，按当前契约验证调用点。
components/date/story/StoryTheaterSession.tsx,shared-change,手工融合完成,手工融合完整文游、后台任务、语音/配图规划器、世界书与上游阅读外观；默认连续阅读，另可分页及展开归档。
components/date/story/StoryTheaterTheme.tsx,shared-change,手工融合完成,Retain story indentation and three-tone color controls alongside shared reading presets.
components/gameHall/CedarToySurface.tsx,fork-only,保留二改,保留二改路径；相关调用按融合后的接口调整。
components/gameHall/GameHallBottomSheet.tsx,fork-only,保留二改,保留二改路径；相关调用按融合后的接口调整。
components/journal/JournalAppearanceEditor.tsx,upstream-only,移植上游,保留上游实现；移除业务埋点，必要时适配二改接口。
components/media/BlobImage.tsx,fork-only,保留二改,保留二改路径；相关调用按融合后的接口调整。
components/media/ChatImageViewerHost.tsx,fork-only,保留二改,保留二改路径；相关调用按融合后的接口调整。
components/novel/NovelWriter.tsx,upstream-only,移植上游,保留上游实现；移除业务埋点，必要时适配二改接口。
components/os/AnniversaryGiftPopup.tsx,upstream-only,移植上游,保留上游实现；移除业务埋点，必要时适配二改接口。
components/os/ApiCostWidget.tsx,fork-only,保留二改,保留二改路径；相关调用按融合后的接口调整。
components/os/AppErrorBoundary.tsx,shared-change,三方融合并核对,保留双方不重叠代码，按当前契约验证调用点。
components/os/BootSequence.css,upstream-only,移植上游,吸收上游文件/资源。
components/os/BootSequence.tsx,upstream-only,移植上游,保留上游实现；移除业务埋点，必要时适配二改接口。
components/os/ClassicBootSequence.tsx,upstream-only,移植上游,保留上游实现；移除业务埋点，必要时适配二改接口。
components/os/CompanionHome.tsx,shared-change,三方融合并核对,保留双方不重叠代码，按当前契约验证调用点。
components/os/HomeUpdatePopup.tsx,upstream-only,移植上游,保留上游实现；移除业务埋点，必要时适配二改接口。
components/os/HomelyHome.tsx,upstream-only,移植上游,保留上游实现；移除业务埋点，必要时适配二改接口。
components/os/JellyfishBootSequence.tsx,upstream-only,移植上游,保留上游实现；移除业务埋点，必要时适配二改接口。
components/os/MobileGameHome.tsx,shared-change,三方融合并核对,保留双方不重叠代码，按当前契约验证调用点。
components/os/Modal.tsx,upstream-only,移植上游,保留上游实现；移除业务埋点，必要时适配二改接口。
components/os/SARUpdatePopup.tsx,upstream-only,移植上游,保留上游实现；移除业务埋点，必要时适配二改接口。
components/os/SmallUpdatesPopup.css,upstream-only,移植上游,吸收上游文件/资源。
components/os/SmallUpdatesPopup.tsx,upstream-only,移植上游,保留上游实现；移除业务埋点，必要时适配二改接口。
components/os/StatusBar.tsx,upstream-only,移植上游,保留上游实现；移除业务埋点，必要时适配二改接口。
components/os/TamagotchiHome.tsx,shared-change,三方融合并核对,保留双方不重叠代码，按当前契约验证调用点。
components/os/acnhIcons.tsx,fork-only,保留二改,保留二改路径；相关调用按融合后的接口调整。
components/os/anniversary-gift.css,upstream-only,移植上游,吸收上游文件/资源。
components/os/appPreload.ts,shared-change,三方融合并核对,保留双方不重叠代码，按当前契约验证调用点。
components/os/home-update.css,upstream-only,移植上游,吸收上游文件/资源。
components/os/homelyHome.css,upstream-only,移植上游,吸收上游文件/资源。
components/os/homelyPalette.ts,upstream-only,移植上游,保留上游实现；移除业务埋点，必要时适配二改接口。
components/os/mobilegameArt.tsx,upstream-only,移植上游,保留上游实现；移除业务埋点，必要时适配二改接口。
components/os/preloadableLazy.ts,upstream-only,移植上游,保留上游实现；移除业务埋点，必要时适配二改接口。
components/os/sar-update.css,upstream-only,移植上游,吸收上游文件/资源。
components/sar/SARModuleMonitor.tsx,upstream-only,移植上游,保留上游实现；移除业务埋点，必要时适配二改接口。
components/sar/SARSpeechSwitch.tsx,upstream-only,移植上游,保留上游实现；移除业务埋点，必要时适配二改接口。
components/sar/sar-module-monitor.css,upstream-only,移植上游,吸收上游文件/资源。
components/sar/sar-speech.css,upstream-only,移植上游,吸收上游文件/资源。
components/schedule/ScheduleAppearanceButton.tsx,upstream-only,移植上游,保留上游实现；移除业务埋点，必要时适配二改接口。
components/schedule/ScheduleCard.tsx,upstream-only,移植上游,保留上游实现；移除业务埋点，必要时适配二改接口。
components/settings/ActiveMsgGlobalSettingsModal.tsx,shared-change,三方融合并核对,保留双方不重叠代码，按当前契约验证调用点。
components/settings/AmsgCloudDataModal.tsx,upstream-only,移植上游,保留上游实现；移除业务埋点，必要时适配二改接口。
components/settings/AndroidUpdateControl.tsx,upstream-only,移植上游,保留上游实现；移除业务埋点，必要时适配二改接口。
components/settings/ApiCallLogModal.tsx,shared-change,手工融合完成,Local one-shot API capture fused with existing cost history; no external telemetry.
components/settings/ApiFailoverSettings.tsx,fork-only,保留二改,保留二改路径；相关调用按融合后的接口调整。
components/settings/ApiPresetGroups.tsx,upstream-only,移植上游,保留上游实现；移除业务埋点，必要时适配二改接口。
components/settings/ApiPricingEditor.tsx,fork-only,保留二改,保留二改路径；相关调用按融合后的接口调整。
components/settings/DialogueApiFields.tsx,upstream-only,移植上游,保留上游实现；移除业务埋点，必要时适配二改接口。
components/settings/ImageGenerationSettings.tsx,fork-only,保留二改,保留二改路径；相关调用按融合后的接口调整。
components/settings/InstantPushSettingsModal.tsx,upstream-only,保留二改可选 Instant Push,上游删除，二改继续保留和打包。
components/settings/McpConnectionConsole.tsx,upstream-only,移植上游,保留上游实现；移除业务埋点，必要时适配二改接口。
components/settings/ModelPicker.tsx,upstream-only,移植上游,保留上游实现；移除业务埋点，必要时适配二改接口。
components/settings/OrphanImageCleanupCard.tsx,fork-only,保留二改,保留二改路径；相关调用按融合后的接口调整。
components/settings/PushVapidSettingsModal.tsx,upstream-only,移植上游,保留上游实现；移除业务埋点，必要时适配二改接口。
components/settings/StorageUsagePanel.tsx,upstream-only,移植上游,保留上游实现；移除业务埋点，必要时适配二改接口。
components/settings/UserHolidayIntro.tsx,upstream-only,移植上游,保留上游实现；移除业务埋点，必要时适配二改接口。
components/settings/UserHolidaySettings.tsx,upstream-only,移植上游,保留上游实现；移除业务埋点，必要时适配二改接口。
components/settings/VersionInfo.tsx,fork-only,保留二改,保留二改路径；相关调用按融合后的接口调整。
components/settings/WebCacheControl.tsx,upstream-only,移植上游,保留上游实现；移除业务埋点，必要时适配二改接口。
components/share/BeautyCatalogConsent.tsx,upstream-only,移植上游,保留上游实现；移除业务埋点，必要时适配二改接口。
components/share/BeautyConfirmDialog.css,upstream-only,移植上游,吸收上游文件/资源。
components/share/BeautyConfirmDialog.tsx,upstream-only,移植上游,保留上游实现；移除业务埋点，必要时适配二改接口。
components/share/BeautyImportHub.css,upstream-only,移植上游,吸收上游文件/资源。
components/share/BeautyImportHub.tsx,upstream-only,移植上游,保留上游实现；移除业务埋点，必要时适配二改接口。
components/share/BeautyPosterDialog.tsx,upstream-only,移植上游,保留上游实现；移除业务埋点，必要时适配二改接口。
components/share/BeautyPresetPicker.css,upstream-only,移植上游,吸收上游文件/资源。
components/share/BeautyPresetPicker.tsx,upstream-only,移植上游,保留上游实现；移除业务埋点，必要时适配二改接口。
components/share/BeautyPresetPreview.tsx,upstream-only,移植上游,保留上游实现；移除业务埋点，必要时适配二改接口。
components/share/BeautyRepoInvitation.tsx,upstream-only,移植上游,保留上游实现；移除业务埋点，必要时适配二改接口。
components/share/BeautySharePanel.css,upstream-only,移植上游,吸收上游文件/资源。
components/share/BeautySharePanel.tsx,upstream-only,移植上游,保留上游实现；移除业务埋点，必要时适配二改接口。
components/share/BeautyTermsEditor.tsx,upstream-only,移植上游,保留上游实现；移除业务埋点，必要时适配二改接口。
components/share/BeautyUpdateNotice.tsx,upstream-only,移植上游,保留上游实现；移除业务埋点，必要时适配二改接口。
components/share/DesktopDecorationSample.tsx,upstream-only,移植上游,保留上游实现；移除业务埋点，必要时适配二改接口。
components/share/FileOrImageImport.tsx,upstream-only,移植上游,保留上游实现；移除业务埋点，必要时适配二改接口。
components/share/ShareCardDialog.tsx,upstream-only,移植上游,保留上游实现；移除业务埋点，必要时适配二改接口。
components/share/shareCard.css,upstream-only,移植上游,吸收上游文件/资源。
constants.tsx,shared-change,三方融合并核对,保留双方不重叠代码，按当前契约验证调用点。
context/MusicContext.tsx,upstream-only,移植上游,保留上游实现；移除业务埋点，必要时适配二改接口。
context/OSContext.tsx,shared-change,手工融合完成,"Fuse home assets/memory, cloud retirement, backup connection consent and upstream appearance lifecycle while preserving fork pricing/presets, proactive secondary APIs, background images and Game Hall restore pause."
docs/amsg2-pacing-limits.md,upstream-only,移植上游,吸收上游文件/资源。
docs/amsg2-setup-walkthrough.md,upstream-only,移植上游,吸收上游文件/资源。
docs/analytics.md,upstream-only,不移植统计上报,保留二改不增加统计上报的原则。
docs/android-updates.md,fork-only,保留二改,保留二改路径；相关调用按融合后的接口调整。
docs/anniversary-gifts.md,upstream-only,移植上游,吸收上游文件/资源。
docs/beauty-share.md,upstream-only,移植上游,吸收上游文件/资源。
docs/browser-fullscreen.md,upstream-only,移植上游,吸收上游文件/资源。
docs/capacitor-fcm-tiao.md,upstream-only,移植上游,吸收上游文件/资源。
docs/char-creator-psd-import.md,upstream-only,移植上游,吸收上游文件/资源。
docs/character-api.md,upstream-only,移植上游,吸收上游文件/资源。
docs/character-statistics.md,upstream-only,移植上游,吸收上游文件/资源。
docs/character-timezone.md,upstream-only,移植上游,吸收上游文件/资源。
docs/chat-camera.md,upstream-only,移植上游,吸收上游文件/资源。
docs/chat-decoration.md,upstream-only,移植上游,吸收上游文件/资源。
docs/chat-input.md,upstream-only,移植上游,吸收上游文件/资源。
docs/chat-message-visibility.md,upstream-only,移植上游,吸收上游文件/资源。
docs/chat-stream-preview.md,upstream-only,移植上游,吸收上游文件/资源。
docs/chibi-clothing-assets.md,upstream-only,移植上游,吸收上游文件/资源。
docs/chibi-face-textures.md,upstream-only,移植上游,吸收上游文件/资源。
docs/chibi-layering.md,upstream-only,移植上游,吸收上游文件/资源。
docs/chibi-motion-sources.md,upstream-only,移植上游,吸收上游文件/资源。
docs/chibi-studio.md,upstream-only,移植上游,吸收上游文件/资源。
docs/collaboration-chat-bridge.md,upstream-only,移植上游,吸收上游文件/资源。
docs/community-authorization.md,upstream-only,移植上游,吸收上游文件/资源。
docs/conversation-favorites.md,upstream-only,移植上游,吸收上游文件/资源。
docs/date-entry.md,upstream-only,移植上游,吸收上游文件/资源。
docs/date-observe.md,upstream-only,移植上游,吸收上游文件/资源。
docs/design/l2d-game-ui-redesign-prompt.md,fork-only,保留二改,保留二改路径；相关调用按融合后的接口调整。
docs/dev-debug.md,upstream-only,移植上游,吸收上游文件/资源。
docs/feedback-invitation.md,upstream-only,移植上游,吸收上游文件/资源。
docs/first-use-memory-guide.md,upstream-only,移植上游,吸收上游文件/资源。
docs/instant-push-branch-notes.md,upstream-only,保留二改可选 Instant Push,上游删除，二改继续保留和打包。
docs/instant-push-dual-channel.md,upstream-only,保留二改可选 Instant Push,上游删除，二改继续保留和打包。
docs/kanata-activities.md,upstream-only,移植上游,吸收上游文件/资源。
docs/kanata-library.md,upstream-only,移植上游,吸收上游文件/资源。
docs/license-evaluation.md,upstream-only,移植上游,吸收上游文件/资源。
docs/mcp-client.md,upstream-only,移植上游,吸收上游文件/资源。
docs/mcp-user-guide.md,upstream-only,移植上游,吸收上游文件/资源。
docs/memory-system-overview.md,upstream-only,移植上游,吸收上游文件/资源。
docs/png-sharing.md,upstream-only,移植上游,吸收上游文件/资源。
docs/proxy-domain-migration.md,upstream-only,移植上游,吸收上游文件/资源。
docs/relationship-system.md,upstream-only,移植上游,吸收上游文件/资源。
docs/room3d-bathroom.md,upstream-only,移植上游,吸收上游文件/资源。
docs/room3d-bedroom.md,upstream-only,移植上游,吸收上游文件/资源。
docs/room3d-body2-actions.md,upstream-only,移植上游,吸收上游文件/资源。
docs/room3d-furniture-assets.md,upstream-only,移植上游,吸收上游文件/资源。
docs/room3d-gaming.md,upstream-only,移植上游,吸收上游文件/资源。
docs/room3d-kitchen-actions.md,upstream-only,移植上游,吸收上游文件/资源。
docs/room3d-kitchen.md,upstream-only,移植上游,吸收上游文件/资源。
docs/room3d-layout.md,upstream-only,移植上游,吸收上游文件/资源。
docs/room3d-life.md,upstream-only,移植上游,吸收上游文件/资源。
docs/room3d-pets.md,upstream-only,移植上游,吸收上游文件/资源。
docs/room3d-seating-assets.md,upstream-only,移植上游,吸收上游文件/资源。
docs/room3d-sharing.md,upstream-only,移植上游,吸收上游文件/资源。
docs/room3d-showrooms.md,upstream-only,移植上游,吸收上游文件/资源。
docs/room3d.md,upstream-only,移植上游,吸收上游文件/资源。
docs/sar-economy.md,upstream-only,移植上游,吸收上游文件/资源。
docs/sar-familiarity-caian-content.md,upstream-only,移植上游,吸收上游文件/资源。
docs/sar-market-npcs.md,upstream-only,移植上游,吸收上游文件/资源。
docs/sar-narrative-principles.md,upstream-only,移植上游,吸收上游文件/资源。
docs/sar-personal-lines.md,upstream-only,移植上游,吸收上游文件/资源。
docs/sar-user-guide.md,upstream-only,移植上游,吸收上游文件/资源。
docs/self-deploy-workers.md,upstream-only,移植上游,吸收上游文件/资源。
docs/static-resource-cache.md,upstream-only,移植上游,吸收上游文件/资源。
docs/superpowers/specs/2026-08-09-pwa-custom-icon-design.md,upstream-only,移植上游,吸收上游文件/资源。
docs/user-holidays.md,upstream-only,移植上游,吸收上游文件/资源。
docs/volcengine-api-troubleshooting.md,upstream-only,移植上游,吸收上游文件/资源。
docs/world-home-observation-order.md,upstream-only,移植上游,吸收上游文件/资源。
docs/worldbook-context-update.md,upstream-only,移植上游,吸收上游文件/资源。
docs/worldbook-management.md,upstream-only,移植上游,吸收上游文件/资源。
experiments/chibi/AcrylicStand.tsx,upstream-only,移植上游,保留上游实现；移除业务埋点，必要时适配二改接口。
experiments/chibi/AppearanceColorControl.tsx,upstream-only,移植上游,保留上游实现；移除业务埋点，必要时适配二改接口。
experiments/chibi/BodyControls.tsx,upstream-only,移植上游,保留上游实现；移除业务埋点，必要时适配二改接口。
experiments/chibi/ColorWheel.tsx,upstream-only,移植上游,保留上游实现；移除业务埋点，必要时适配二改接口。
experiments/chibi/CreatorRollBridge.tsx,upstream-only,移植上游,保留上游实现；移除业务埋点，必要时适配二改接口。
experiments/chibi/CustomPartChoices.tsx,upstream-only,移植上游,保留上游实现；移除业务埋点，必要时适配二改接口。
experiments/chibi/FaceAccessoryControls.tsx,upstream-only,移植上游,保留上游实现；移除业务埋点，必要时适配二改接口。
experiments/chibi/FaceControls.tsx,upstream-only,移植上游,保留上游实现；移除业务埋点，必要时适配二改接口。
experiments/chibi/FaceTuning.tsx,upstream-only,移植上游,保留上游实现；移除业务埋点，必要时适配二改接口。
experiments/chibi/FbxBody.ts,upstream-only,移植上游,保留上游实现；移除业务埋点，必要时适配二改接口。
experiments/chibi/FigureSlider.tsx,upstream-only,移植上游,保留上游实现；移除业务埋点，必要时适配二改接口。
experiments/chibi/GarmentColors.tsx,upstream-only,移植上游,保留上游实现；移除业务埋点，必要时适配二改接口。
experiments/chibi/HairEditor.tsx,upstream-only,移植上游,保留上游实现；移除业务埋点，必要时适配二改接口。
experiments/chibi/MyWardrobe.tsx,upstream-only,移植上游,保留上游实现；移除业务埋点，必要时适配二改接口。
experiments/chibi/OutfitPreview.tsx,upstream-only,移植上游,保留上游实现；移除业务埋点，必要时适配二改接口。
experiments/chibi/PartMirrorControls.tsx,upstream-only,移植上游,保留上游实现；移除业务埋点，必要时适配二改接口。
experiments/chibi/Puppet.tsx,upstream-only,移植上游,保留上游实现；移除业务埋点，必要时适配二改接口。
experiments/chibi/README.md,upstream-only,移植上游,吸收上游文件/资源。
experiments/chibi/WardrobePicker.tsx,upstream-only,移植上游,保留上游实现；移除业务埋点，必要时适配二改接口。
experiments/chibi/body-controls.css,upstream-only,移植上游,吸收上游文件/资源。
experiments/chibi/color-wheel.css,upstream-only,移植上游,吸收上游文件/资源。
experiments/chibi/figure-slider.css,upstream-only,移植上游,吸收上游文件/资源。
experiments/chibi/figure-theme.css,upstream-only,移植上游,吸收上游文件/资源。
experiments/chibi/forearmTwist.ts,upstream-only,移植上游,保留上游实现；移除业务埋点，必要时适配二改接口。
experiments/chibi/garment-colors.css,upstream-only,移植上游,吸收上游文件/资源。
experiments/chibi/garment-layering.css,upstream-only,移植上游,吸收上游文件/资源。
experiments/chibi/hair-editor.css,upstream-only,移植上游,吸收上游文件/资源。
experiments/chibi/inspect-bands.mjs,upstream-only,移植上游,吸收上游文件/资源。
experiments/chibi/inspect-reference.mjs,upstream-only,移植上游,吸收上游文件/资源。
experiments/chibi/main.tsx,upstream-only,移植上游,保留上游实现；移除业务埋点，必要时适配二改接口。
experiments/chibi/my-wardrobe.css,upstream-only,移植上游,吸收上游文件/资源。
experiments/chibi/outfitThumbnail.ts,upstream-only,移植上游,保留上游实现；移除业务埋点，必要时适配二改接口。
experiments/chibi/partSurfaces.ts,upstream-only,移植上游,保留上游实现；移除业务埋点，必要时适配二改接口。
experiments/chibi/reference-view.ts,upstream-only,移植上游,保留上游实现；移除业务埋点，必要时适配二改接口。
experiments/chibi/reference.fbx,upstream-only,移植上游,吸收上游文件/资源。
experiments/chibi/retargetHappyWave.ts,upstream-only,移植上游,保留上游实现；移除业务埋点，必要时适配二改接口。
experiments/chibi/style.css,upstream-only,移植上游,吸收上游文件/资源。
experiments/chibi/useFigurePreview.ts,upstream-only,移植上游,保留上游实现；移除业务埋点，必要时适配二改接口。
experiments/chibi/wardrobe-studio.css,upstream-only,移植上游,吸收上游文件/资源。
experiments/chibi/wardrobe.tsx,upstream-only,移植上游,保留上游实现；移除业务埋点，必要时适配二改接口。
experiments/chibi/wardrobeMmdMotions.json,upstream-only,移植上游,吸收上游文件/资源。
experiments/chibi/wardrobeMotions.json,upstream-only,移植上游,吸收上游文件/资源。
experiments/chibi/wardrobeOverteMotions.json,upstream-only,移植上游,吸收上游文件/资源。
experiments/chibi/wardrobePose.ts,upstream-only,移植上游,保留上游实现；移除业务埋点，必要时适配二改接口。
experiments/chibi/wardrobeVrmaMotions.json,upstream-only,移植上游,吸收上游文件/资源。
features/collaboration/CollaborationWindow.tsx,upstream-only,移植上游,保留上游实现；移除业务埋点，必要时适配二改接口。
features/collaboration/chatBridge.ts,upstream-only,移植上游,保留上游实现；移除业务埋点，必要时适配二改接口。
features/collaboration/context.ts,upstream-only,移植上游,保留上游实现；移除业务埋点，必要时适配二改接口。
features/collaboration/engine.ts,upstream-only,移植上游,保留上游实现；移除业务埋点，必要时适配二改接口。
features/collaboration/makerSelection.ts,upstream-only,移植上游,保留上游实现；移除业务埋点，必要时适配二改接口。
features/collaboration/makers.ts,upstream-only,移植上游,保留上游实现；移除业务埋点，必要时适配二改接口。
features/collaboration/mcp.ts,upstream-only,移植上游,保留上游实现；移除业务埋点，必要时适配二改接口。
hooks/useChatAI.ts,shared-change,手工融合完成,"Merge reply cancellation/locking, SAR/home secrets and character dialogue APIs into fork failover, billing-aware cached emotion requests, Instant Push and background image jobs. Keep assistant-inclusive emotion inputs and stale-result guards."
hooks/useChatAutoReply.ts,upstream-only,移植上游,保留上游实现；移除业务埋点，必要时适配二改接口。
hooks/useLongPressGesture.ts,fork-only,保留二改,保留二改路径；相关调用按融合后的接口调整。
hooks/usePreviewDraft.ts,upstream-only,移植上游,保留上游实现；移除业务埋点，必要时适配二改接口。
index.html,upstream-only,移植上游,吸收上游文件/资源。
index.tsx,shared-change,三方融合并核对,保留双方不重叠代码，按当前契约验证调用点。
infra/umami-schema.sql,fork-only,保留二改,保留二改路径；相关调用按融合后的接口调整。
metadata.json,upstream-only,移植上游,吸收上游文件/资源。
native/android/AmsgUnifiedPushPlugin.java,fork-only,保留二改,保留二改路径；相关调用按融合后的接口调整。
native/android/AmsgUnifiedPushService.java,fork-only,保留二改,保留二改路径；相关调用按融合后的接口调整。
native/android/GameHallWebViewPlugin.java,fork-only,保留二改,保留二改路径；相关调用按融合后的接口调整。
native/android/SullyAmsgPollPlugin.java,fork-only,保留二改,保留二改路径；相关调用按融合后的接口调整。
native/android/SullyAmsgPollService.java,fork-only,保留二改,保留二改路径；相关调用按融合后的接口调整。
native/android/SullyAppUpdaterPlugin.java,fork-only,保留二改,保留二改路径；相关调用按融合后的接口调整。
native/android/SullyGalleryPlugin.java,fork-only,保留二改,保留二改路径；相关调用按融合后的接口调整。
native/android/SullyLive2DDirectoryPlugin.java,fork-only,保留二改,保留二改路径；相关调用按融合后的接口调整。
native/android/SullyStoryBackgroundPlugin.java,fork-only,保留二改,保留二改路径；相关调用按融合后的接口调整。
native/android/SullyStoryCloudMonitorService.java,fork-only,保留二改,保留二改路径；相关调用按融合后的接口调整。
native/android/SullyStoryGenerationManager.java,fork-only,保留二改,保留二改路径；相关调用按融合后的接口调整。
native/android/SullyStoryKeepAliveService.java,fork-only,保留二改,保留二改路径；相关调用按融合后的接口调整。
native/android/SullyStoryReferenceUploads.java,fork-only,保留二改,保留二改路径；相关调用按融合后的接口调整。
native/android/SullyStoryStatusPush.java,fork-only,保留二改,保留二改路径；相关调用按融合后的接口调整。
native/android/sully_story_notification.xml,fork-only,保留二改,保留二改路径；相关调用按融合后的接口调整。
native/android/tests/SullyStoryCloudMonitorServiceTest.java,fork-only,保留二改,保留二改路径；相关调用按融合后的接口调整。
native/android/tests/SullyStoryReferenceUploadsTest.java,fork-only,保留二改,保留二改路径；相关调用按融合后的接口调整。
notes/amsg-fullbg-state-design.md,upstream-only,移植上游,吸收上游文件/资源。
notes/amsg2-e2e-checklist.md,upstream-only,移植上游,吸收上游文件/资源。
notes/amsg2-reenable-guide.md,upstream-only,移植上游,吸收上游文件/资源。
notes/todo.md,upstream-only,移植上游,吸收上游文件/资源。
output/cardigan-controller/CHECKPOINT.md,upstream-only,移植上游,吸收上游文件/资源。
output/cardigan-controller/app-source.js,upstream-only,移植上游,吸收上游文件/资源。
output/cardigan-controller/app.js,upstream-only,移植上游,吸收上游文件/资源。
output/cardigan-controller/apparel-controls.js,upstream-only,移植上游,吸收上游文件/资源。
output/cardigan-controller/body-occlusion.js,upstream-only,移植上游,吸收上游文件/资源。
output/cardigan-controller/build-detail.py,upstream-only,移植上游,吸收上游文件/资源。
output/cardigan-controller/cardigan-detail-only.glb,upstream-only,移植上游,吸收上游文件/资源。
output/cardigan-controller/cardigan-detail.blend,upstream-only,移植上游,吸收上游文件/资源。
output/cardigan-controller/cardigan-only-for-reduction.glb,upstream-only,移植上游,吸收上游文件/资源。
output/cardigan-controller/cardigan-preserved.blend,upstream-only,移植上游,吸收上游文件/资源。
output/cardigan-controller/cardigan-rig-6000.glb,upstream-only,移植上游,吸收上游文件/资源。
output/cardigan-controller/cardigan-rig-8000.glb,upstream-only,移植上游,吸收上游文件/资源。
output/cardigan-controller/cardigan-rig-detail.glb,upstream-only,移植上游,吸收上游文件/资源。
output/cardigan-controller/cardigan-rig-preserved.glb,upstream-only,移植上游,吸收上游文件/资源。
output/cardigan-controller/cardigan-rig-reduced.glb,upstream-only,移植上游,吸收上游文件/资源。
output/cardigan-controller/cardigan-rig.glb,upstream-only,移植上游,吸收上游文件/资源。
output/cardigan-controller/clothing-0920b/belt-coat-only.glb,upstream-only,移植上游,吸收上游文件/资源。
output/cardigan-controller/clothing-0920b/belt-coat-rig.glb,upstream-only,移植上游,吸收上游文件/资源。
output/cardigan-controller/clothing-0920b/bow-headband-only.glb,upstream-only,移植上游,吸收上游文件/资源。
output/cardigan-controller/clothing-0920b/bow-headband-rig.glb,upstream-only,移植上游,吸收上游文件/资源。
output/cardigan-controller/clothing-0920b/bow-tie-only.glb,upstream-only,移植上游,吸收上游文件/资源。
output/cardigan-controller/clothing-0920b/bow-tie-rig.glb,upstream-only,移植上游,吸收上游文件/资源。
output/cardigan-controller/clothing-0920b/buckle-shoes-only.glb,upstream-only,移植上游,吸收上游文件/资源。
output/cardigan-controller/clothing-0920b/buckle-shoes-rig.glb,upstream-only,移植上游,吸收上游文件/资源。
output/cardigan-controller/clothing-0920b/collar-shirt-only.glb,upstream-only,移植上游,吸收上游文件/资源。
output/cardigan-controller/clothing-0920b/collar-shirt-rig.glb,upstream-only,移植上游,吸收上游文件/资源。
output/cardigan-controller/clothing-0920b/hood-parka-only.glb,upstream-only,移植上游,吸收上游文件/资源。
output/cardigan-controller/clothing-0920b/hood-parka-rig.glb,upstream-only,移植上游,吸收上游文件/资源。
output/cardigan-controller/clothing-0920b/lace-midboots-only.glb,upstream-only,移植上游,吸收上游文件/资源。
output/cardigan-controller/clothing-0920b/lace-midboots-rig.glb,upstream-only,移植上游,吸收上游文件/资源。
output/cardigan-controller/clothing-0920b/manifest.json,upstream-only,移植上游,吸收上游文件/资源。
output/cardigan-controller/clothing-0920b/necktie-only.glb,upstream-only,移植上游,吸收上游文件/资源。
output/cardigan-controller/clothing-0920b/necktie-rig.glb,upstream-only,移植上游,吸收上游文件/资源。
output/cardigan-controller/clothing-0920b/ruffle-apron-only.glb,upstream-only,移植上游,吸收上游文件/资源。
output/cardigan-controller/clothing-0920b/ruffle-apron-rig.glb,upstream-only,移植上游,吸收上游文件/资源。
output/cardigan-controller/clothing-0920b/school-blazer-only.glb,upstream-only,移植上游,吸收上游文件/资源。
output/cardigan-controller/clothing-0920b/school-blazer-rig.glb,upstream-only,移植上游,吸收上游文件/资源。
output/cardigan-controller/clothing-0920b/stand-collar-only.glb,upstream-only,移植上游,吸收上游文件/资源。
output/cardigan-controller/clothing-0920b/stand-collar-rig.glb,upstream-only,移植上游,吸收上游文件/资源。
output/cardigan-controller/clothing-0920b/tall-boots-only.glb,upstream-only,移植上游,吸收上游文件/资源。
output/cardigan-controller/clothing-0920b/tall-boots-rig.glb,upstream-only,移植上游,吸收上游文件/资源。
output/cardigan-controller/default-pose.json,upstream-only,移植上游,吸收上游文件/资源。
output/cardigan-controller/footwear-controls.js,upstream-only,移植上游,吸收上游文件/资源。
output/cardigan-controller/garment-fit.js,upstream-only,移植上游,吸收上游文件/资源。
output/cardigan-controller/happy-wave-source.glb,upstream-only,移植上游,吸收上游文件/资源。
output/cardigan-controller/index.html,upstream-only,移植上游,吸收上游文件/资源。
output/cardigan-controller/lowerwear-controls.js,upstream-only,移植上游,吸收上游文件/资源。
output/cardigan-controller/lowerwear/cargo-only.glb,upstream-only,移植上游,吸收上游文件/资源。
output/cardigan-controller/lowerwear/cargo-rig.glb,upstream-only,移植上游,吸收上游文件/资源。
output/cardigan-controller/lowerwear/cropped-only.glb,upstream-only,移植上游,吸收上游文件/资源。
output/cardigan-controller/lowerwear/cropped-rig.glb,upstream-only,移植上游,吸收上游文件/资源。
output/cardigan-controller/lowerwear/long-skirt-only.glb,upstream-only,移植上游,吸收上游文件/资源。
output/cardigan-controller/lowerwear/long-skirt-rig.glb,upstream-only,移植上游,吸收上游文件/资源。
output/cardigan-controller/lowerwear/manifest.json,upstream-only,移植上游,吸收上游文件/资源。
output/cardigan-controller/lowerwear/straight-only.glb,upstream-only,移植上游,吸收上游文件/资源。
output/cardigan-controller/lowerwear/straight-rig.glb,upstream-only,移植上游,吸收上游文件/资源。
output/cardigan-controller/motions.js,upstream-only,移植上游,吸收上游文件/资源。
output/cardigan-controller/paint-source.js,upstream-only,移植上游,吸收上游文件/资源。
output/cardigan-controller/paint.html,upstream-only,移植上游,吸收上游文件/资源。
output/cardigan-controller/paint.js,upstream-only,移植上游,吸收上游文件/资源。
output/cardigan-controller/pleated-skirt.js,upstream-only,移植上游,吸收上游文件/资源。
output/cardigan-controller/procedural-basics/basic-tee-only.glb,upstream-only,移植上游,吸收上游文件/资源。
output/cardigan-controller/procedural-basics/basic-tee-rig.glb,upstream-only,移植上游,吸收上游文件/资源。
output/cardigan-controller/procedural-basics/fitted-camisole-only.glb,upstream-only,移植上游,吸收上游文件/资源。
output/cardigan-controller/procedural-basics/fitted-camisole-rig.glb,upstream-only,移植上游,吸收上游文件/资源。
output/cardigan-controller/procedural-basics/fitted-sweater-only.glb,upstream-only,移植上游,吸收上游文件/资源。
output/cardigan-controller/procedural-basics/fitted-sweater-rig.glb,upstream-only,移植上游,吸收上游文件/资源。
output/cardigan-controller/procedural-basics/fitted-turtleneck-only.glb,upstream-only,移植上游,吸收上游文件/资源。
output/cardigan-controller/procedural-basics/fitted-turtleneck-rig.glb,upstream-only,移植上游,吸收上游文件/资源。
output/cardigan-controller/procedural-basics/maid-sleeves-only.glb,upstream-only,移植上游,吸收上游文件/资源。
output/cardigan-controller/procedural-basics/maid-sleeves-rig.glb,upstream-only,移植上游,吸收上游文件/资源。
output/cardigan-controller/procedural-basics/manifest-qipao.json,upstream-only,移植上游,吸收上游文件/资源。
output/cardigan-controller/procedural-basics/manifest-sleeves.json,upstream-only,移植上游,吸收上游文件/资源。
output/cardigan-controller/procedural-basics/manifest-tailored.json,upstream-only,移植上游,吸收上游文件/资源。
output/cardigan-controller/procedural-basics/manifest.json,upstream-only,移植上游,吸收上游文件/资源。
output/cardigan-controller/procedural-basics/qipao-only.glb,upstream-only,移植上游,吸收上游文件/资源。
output/cardigan-controller/procedural-basics/qipao-rig.glb,upstream-only,移植上游,吸收上游文件/资源。
output/cardigan-controller/procedural-basics/school-swimsuit-only.glb,upstream-only,移植上游,吸收上游文件/资源。
output/cardigan-controller/procedural-basics/school-swimsuit-rig.glb,upstream-only,移植上游,吸收上游文件/资源。
output/cardigan-controller/procedural-basics/swim-shorts-only.glb,upstream-only,移植上游,吸收上游文件/资源。
output/cardigan-controller/procedural-basics/swim-shorts-rig.glb,upstream-only,移植上游,吸收上游文件/资源。
output/cardigan-controller/sailor-1-original.glb,upstream-only,移植上游,吸收上游文件/资源。
output/cardigan-controller/sailor-1.glb,upstream-only,移植上游,吸收上游文件/资源。
output/cardigan-controller/sailor-2-original.glb,upstream-only,移植上游,吸收上游文件/资源。
output/cardigan-controller/sailor-2.glb,upstream-only,移植上游,吸收上游文件/资源。
output/cardigan-controller/sailor-girl.glb,upstream-only,移植上游,吸收上游文件/资源。
output/cardigan-controller/sailor-paint-base.png,upstream-only,移植上游,吸收上游文件/资源。
output/cardigan-controller/sailor-paint-uv.json,upstream-only,移植上游,吸收上游文件/资源。
output/cardigan-controller/sailor-paint.glb,upstream-only,移植上游,吸收上游文件/资源。
output/cardigan-controller/sailor-school-user.glb,upstream-only,移植上游,吸收上游文件/资源。
output/cardigan-controller/sailor-school.glb,upstream-only,移植上游,吸收上游文件/资源。
output/cardigan-controller/sailor-user-texture.png,upstream-only,移植上游,吸收上游文件/资源。
output/cardigan-controller/sailor-user-uv.json,upstream-only,移植上游,吸收上游文件/资源。
output/cardigan-controller/shoes/boots-only.glb,upstream-only,移植上游,吸收上游文件/资源。
output/cardigan-controller/shoes/boots-rig.glb,upstream-only,移植上游,吸收上游文件/资源。
output/cardigan-controller/shoes/geta-only.glb,upstream-only,移植上游,吸收上游文件/资源。
output/cardigan-controller/shoes/geta-rig.glb,upstream-only,移植上游,吸收上游文件/资源。
output/cardigan-controller/shoes/manifest.json,upstream-only,移植上游,吸收上游文件/资源。
output/cardigan-controller/shoes/shorts-only.glb,upstream-only,移植上游,吸收上游文件/资源。
output/cardigan-controller/shoes/shorts-rig.glb,upstream-only,移植上游,吸收上游文件/资源。
output/cardigan-controller/shoes/sneakers-only.glb,upstream-only,移植上游,吸收上游文件/资源。
output/cardigan-controller/shoes/sneakers-rig.glb,upstream-only,移植上游,吸收上游文件/资源。
output/cardigan-controller/style.css,upstream-only,移植上游,吸收上游文件/资源。
output/clothing-rebuild-0920/wardrobe-current-body.glb,upstream-only,移植上游,吸收上游文件/资源。
output/sailor-girl/README.txt,upstream-only,移植上游,吸收上游文件/资源。
output/sailor-girl/components.json,upstream-only,移植上游,吸收上游文件/资源。
output/sailor-girl/components.py,upstream-only,移植上游,吸收上游文件/资源。
output/sailor-girl/fit-shoes-socks.py,upstream-only,移植上游,吸收上游文件/资源。
output/sailor-girl/fit.py,upstream-only,移植上游,吸收上游文件/资源。
output/sailor-girl/inspect.py,upstream-only,移植上游,吸收上游文件/资源。
output/sailor-girl/measure-bones.py,upstream-only,移植上游,吸收上游文件/资源。
output/sailor-girl/measure-feet.py,upstream-only,移植上游,吸收上游文件/资源。
output/sailor-girl/refine-fit.py,upstream-only,移植上游,吸收上游文件/资源。
output/sailor-girl/refined-report.json,upstream-only,移植上游,吸收上游文件/资源。
output/sailor-girl/report.json,upstream-only,移植上游,吸收上游文件/资源。
output/sailor-girl/sailor-girl-fitted.blend,upstream-only,移植上游,吸收上游文件/资源。
output/sailor-girl/sailor-girl-refined.blend,upstream-only,移植上游,吸收上游文件/资源。
output/sailor-girl/sailor-girl-shoes.glb,upstream-only,移植上游,吸收上游文件/资源。
output/sailor-girl/sailor-girl-skirt.glb,upstream-only,移植上游,吸收上游文件/资源。
output/sailor-girl/sailor-girl-socks.glb,upstream-only,移植上游,吸收上游文件/资源。
output/sailor-girl/sailor-girl-surface-socks.blend,upstream-only,移植上游,吸收上游文件/资源。
output/sailor-girl/sailor-girl-top.glb,upstream-only,移植上游,吸收上游文件/资源。
output/sailor-girl/shoes-socks-report.json,upstream-only,移植上游,吸收上游文件/资源。
output/sailor-girl/source-1.blend,upstream-only,移植上游,吸收上游文件/资源。
output/sailor-girl/source-1.json,upstream-only,移植上游,吸收上游文件/资源。
output/sailor-school/README.txt,upstream-only,移植上游,吸收上游文件/资源。
output/sailor-school/apply-user-texture.py,upstream-only,移植上游,吸收上游文件/资源。
output/sailor-school/components.json,upstream-only,移植上游,吸收上游文件/资源。
output/sailor-school/components.py,upstream-only,移植上游,吸收上游文件/资源。
output/sailor-school/crotch.py,upstream-only,移植上游,吸收上游文件/资源。
output/sailor-school/fit-first.py,upstream-only,移植上游,吸收上游文件/资源。
output/sailor-school/fit.py,upstream-only,移植上游,吸收上游文件/资源。
output/sailor-school/inspect.py,upstream-only,移植上游,吸收上游文件/资源。
output/sailor-school/measure.py,upstream-only,移植上游,吸收上游文件/资源。
output/sailor-school/paint-atlas.py,upstream-only,移植上游,吸收上游文件/资源。
output/sailor-school/paint-lines.py,upstream-only,移植上游,吸收上游文件/资源。
output/sailor-school/recover-v1.py,upstream-only,移植上游,吸收上游文件/资源。
output/sailor-school/report.json,upstream-only,移植上游,吸收上游文件/资源。
output/sailor-school/sailor-flat-back.png,upstream-only,移植上游,吸收上游文件/资源。
output/sailor-school/sailor-flat-front.png,upstream-only,移植上游,吸收上游文件/资源。
output/sailor-school/sailor-school-fitted.blend,upstream-only,移植上游,吸收上游文件/资源。
output/sailor-school/sailor-school-outfit.glb,upstream-only,移植上游,吸收上游文件/资源。
output/sailor-school/sailor-school-pants.glb,upstream-only,移植上游,吸收上游文件/资源。
output/sailor-school/sailor-school-top.glb,upstream-only,移植上游,吸收上游文件/资源。
output/sailor-school/source-1.blend,upstream-only,移植上游,吸收上游文件/资源。
output/sailor-school/source-1.json,upstream-only,移植上游,吸收上游文件/资源。
output/sailor-school/user-painted-v1/sailor-paint-uv.json,upstream-only,移植上游,吸收上游文件/资源。
output/sailor-school/user-painted-v1/sailor-paint.glb,upstream-only,移植上游,吸收上游文件/资源。
output/sailor-school/user-painted-v1/sailor-painted-outfit.glb,upstream-only,移植上游,吸收上游文件/资源。
output/sailor-school/user-painted-v1/sailor-painted-pants.glb,upstream-only,移植上游,吸收上游文件/资源。
output/sailor-school/user-painted-v1/sailor-painted-top.glb,upstream-only,移植上游,吸收上游文件/资源。
output/sailor-school/user-painted-v1/sailor-user-painted.blend,upstream-only,移植上游,吸收上游文件/资源。
output/sailor-school/user-painted-v1/user-texture.png,upstream-only,移植上游,吸收上游文件/资源。
package.json,shared-change,手工融合完成,保留二改脚本和依赖，同时吸收上游新增依赖与升级。
plans/amsg2-cloud-data-management-contract.md,upstream-only,移植上游,吸收上游文件/资源。
plans/amsg2-expansion.md,upstream-only,移植上游,吸收上游文件/资源。
plans/amsg2-instant-chat-contract.md,upstream-only,移植上游,吸收上游文件/资源。
plans/amsg2-instant-chat.md,upstream-only,移植上游,吸收上游文件/资源。
plans/amsg2-llm-credentials-contract.md,upstream-only,移植上游,吸收上游文件/资源。
pnpm-lock.yaml,shared-change,按融合源码重新生成,提交实际构建的 bundle，不选用任一方旧产物。
pnpm-workspace.yaml,upstream-only,移植上游,吸收上游文件/资源。
presets/appearance/sully.json,upstream-only,移植上游,吸收上游文件/资源。
presets/chat/acid-orbit-lavender.json,upstream-only,移植上游,吸收上游文件/资源。
presets/chat/acid-orbit.json,upstream-only,移植上游,吸收上游文件/资源。
presets/holidays/cn-2026.json,upstream-only,移植上游,吸收上游文件/资源。
presets/holidays/countries.json,upstream-only,移植上游,吸收上游文件/资源。
presets/holidays/holiday-cn-LICENSE,upstream-only,移植上游,吸收上游文件/资源。
progress.md,upstream-only,移植上游,吸收上游文件/资源。
prototypes/dino-cafe/README.md,upstream-only,移植上游,吸收上游文件/资源。
prototypes/dino-cafe/actions.json,upstream-only,移植上游,吸收上游文件/资源。
prototypes/dino-cafe/generate-models.mjs,upstream-only,移植上游,吸收上游文件/资源。
prototypes/dino-cafe/index.html,upstream-only,移植上游,吸收上游文件/资源。
prototypes/dino-cafe/main.tsx,upstream-only,移植上游,保留上游实现；移除业务埋点，必要时适配二改接口。
prototypes/dino-cafe/qa-garden.mjs,upstream-only,移植上游,吸收上游文件/资源。
prototypes/dino-cafe/qa-integration.mjs,upstream-only,移植上游,吸收上游文件/资源。
prototypes/dino-cafe/qa-performance.mjs,upstream-only,移植上游,吸收上游文件/资源。
prototypes/dino-cafe/tsconfig.json,upstream-only,移植上游,吸收上游文件/资源。
prototypes/dino-cafe/vite.config.ts,upstream-only,移植上游,保留上游实现；移除业务埋点，必要时适配二改接口。
prototypes/sar-art/PortraitLayoutEditor.tsx,upstream-only,移植上游,保留上游实现；移除业务埋点，必要时适配二改接口。
prototypes/sar-art/index.html,upstream-only,移植上游,吸收上游文件/资源。
prototypes/sar-art/main.tsx,upstream-only,移植上游,保留上游实现；移除业务埋点，必要时适配二改接口。
prototypes/sar-art/portrait-layout-editor.css,upstream-only,移植上游,吸收上游文件/资源。
prototypes/sar-art/qa.mjs,upstream-only,移植上游,吸收上游文件/资源。
prototypes/sar-art/read-room-mask.py,upstream-only,移植上游,吸收上游文件/资源。
prototypes/sar-art/tsconfig.json,upstream-only,移植上游,吸收上游文件/资源。
public/_headers,upstream-only,移植上游,吸收上游文件/资源。
public/amsg-deno-proxy.ts,fork-only,保留二改,保留二改路径；相关调用按融合后的接口调整。
public/amsg-worker.bundle.js,fork-only,保留二改,保留二改路径；相关调用按融合后的接口调整。
public/anniversary/cake-lattice.jpg,upstream-only,移植上游,吸收上游文件/资源。
public/anniversary/cake-stripes.jpg,upstream-only,移植上游,吸收上游文件/资源。
public/anniversary/crowned-cat-frame.png,upstream-only,移植上游,吸收上游文件/资源。
public/assets/camera/SOURCES.md,upstream-only,移植上游,吸收上游文件/资源。
public/assets/camera/fluent/LICENSE,upstream-only,移植上游,吸收上游文件/资源。
public/assets/camera/fluent/cherry_blossom.png,upstream-only,移植上游,吸收上游文件/资源。
public/assets/camera/fluent/cloud.png,upstream-only,移植上游,吸收上游文件/资源。
public/assets/camera/fluent/love_letter.png,upstream-only,移植上游,吸收上游文件/资源。
public/assets/camera/fluent/red_heart.png,upstream-only,移植上游,吸收上游文件/资源。
public/assets/camera/fluent/ribbon.png,upstream-only,移植上游,吸收上游文件/资源。
public/assets/camera/fluent/sparkles.png,upstream-only,移植上游,吸收上游文件/资源。
public/assets/camera/fluent/star.png,upstream-only,移植上游,吸收上游文件/资源。
public/assets/camera/fluent/strawberry.png,upstream-only,移植上游,吸收上游文件/资源。
public/assets/camera/kenney/License.txt,upstream-only,移植上游,吸收上游文件/资源。
public/assets/camera/kenney/light_01.png,upstream-only,移植上游,吸收上游文件/资源。
public/assets/camera/kenney/star_04.png,upstream-only,移植上游,吸收上游文件/资源。
public/assets/camera/kenney/star_06.png,upstream-only,移植上游,吸收上游文件/资源。
public/assets/updates/2026-09/README.md,upstream-only,移植上游,吸收上游文件/资源。
public/assets/updates/2026-09/camera-neon.webp,upstream-only,移植上游,吸收上游文件/资源。
public/assets/updates/2026-09/camera-snow.webp,upstream-only,移植上游,吸收上游文件/资源。
public/assets/updates/home3d-beta/autonomy.png,upstream-only,移植上游,吸收上游文件/资源。
public/assets/updates/home3d-beta/conversation.png,upstream-only,移植上游,吸收上游文件/资源。
public/assets/updates/home3d-beta/invitation.png,upstream-only,移植上游,吸收上游文件/资源。
public/assets/updates/home3d-beta/phone.png,upstream-only,移植上游,吸收上游文件/资源。
public/assets/updates/home3d-beta/room.png,upstream-only,移植上游,吸收上游文件/资源。
public/boot/mid-autumn-2026.png,upstream-only,移植上游,吸收上游文件/资源。
public/changelogs/2026-10-home3d-beta.html,upstream-only,移植上游,吸收上游文件/资源。
public/changelogs/2026-4.html,upstream-only,移植上游,吸收上游文件/资源。
public/changelogs/2026-5-10.html,upstream-only,移植上游,吸收上游文件/资源。
public/changelogs/2026-5-17.html,upstream-only,移植上游,吸收上游文件/资源。
public/changelogs/2026-5-27.html,upstream-only,移植上游,吸收上游文件/资源。
public/changelogs/2026-5.html,upstream-only,移植上游,吸收上游文件/资源。
public/changelogs/2026-6-14.html,upstream-only,移植上游,吸收上游文件/资源。
public/changelogs/2026-6-21.html,upstream-only,移植上游,吸收上游文件/资源。
public/changelogs/2026-6-26.html,upstream-only,移植上游,吸收上游文件/资源。
public/changelogs/2026-6-5.html,upstream-only,移植上游,吸收上游文件/资源。
public/changelogs/2026-7-10.html,upstream-only,移植上游,吸收上游文件/资源。
public/changelogs/2026-8-10.html,upstream-only,移植上游,吸收上游文件/资源。
public/changelogs/2026-8-3.html,upstream-only,移植上游,吸收上游文件/资源。
public/changelogs/2026-8-30.html,upstream-only,移植上游,吸收上游文件/资源。
public/changelogs/2026-9-11.html,upstream-only,移植上游,吸收上游文件/资源。
public/dino-models/aiven-chimera.glb,upstream-only,移植上游,吸收上游文件/资源。
public/dino-models/ankylosaurus.glb,upstream-only,移植上游,吸收上游文件/资源。
public/dino-models/brachiosaurus.glb,upstream-only,移植上游,吸收上游文件/资源。
public/dino-models/dinosaur-egg.glb,upstream-only,移植上游,吸收上游文件/资源。
public/dino-models/dinosaur-fossil.glb,upstream-only,移植上游,吸收上游文件/资源。
public/dino-models/manifest.json,upstream-only,移植上游,吸收上游文件/资源。
public/dino-models/parasaurolophus.glb,upstream-only,移植上游,吸收上游文件/资源。
public/dino-models/plesiosaur.glb,upstream-only,移植上游,吸收上游文件/资源。
public/dino-models/pteranodon.glb,upstream-only,移植上游,吸收上游文件/资源。
public/dino-models/spinosaurus.glb,upstream-only,移植上游,吸收上游文件/资源。
public/dino-models/stegosaurus.glb,upstream-only,移植上游,吸收上游文件/资源。
public/dino-models/triceratops.glb,upstream-only,移植上游,吸收上游文件/资源。
public/dino-models/tyrannosaurus.glb,upstream-only,移植上游,吸收上游文件/资源。
public/dino-models/velociraptor.glb,upstream-only,移植上游,吸收上游文件/资源。
public/icons/jellyfish-180.png,upstream-only,移植上游,吸收上游文件/资源。
public/icons/jellyfish-192.png,upstream-only,移植上游,吸收上游文件/资源。
public/icons/jellyfish-512.png,upstream-only,移植上游,吸收上游文件/资源。
public/icons/jellyfish-maskable-512.png,upstream-only,移植上游,吸收上游文件/资源。
public/instant-worker.deno.bundle.js,shared-change,保留二改行为,上游删除旧 Instant Push，二改继续提供其受支持用法。
public/instant-worker.version.txt,upstream-only,保留二改可选 Instant Push,上游删除，二改继续保留和打包。
public/licenses/camera.html,upstream-only,移植上游,吸收上游文件/资源。
public/licenses/pixi-filters-MIT.txt,upstream-only,移植上游,吸收上游文件/资源。
public/like520/character_creator.html,upstream-only,移植上游,吸收上游文件/资源。
public/like520/parts/back1_01.png,upstream-only,移植上游,吸收上游文件/资源。
public/like520/parts/back1_02.png,upstream-only,移植上游,吸收上游文件/资源。
public/like520/parts/back1_03.png,upstream-only,移植上游,吸收上游文件/资源。
public/like520/parts/back1_04.png,upstream-only,移植上游,吸收上游文件/资源。
public/like520/sully/back1.png,upstream-only,移植上游,吸收上游文件/资源。
public/like520/sully/back2.png,upstream-only,移植上游,吸收上游文件/资源。
public/like520/sully/brows.png,upstream-only,移植上游,吸收上游文件/资源。
public/like520/sully/earhair.png,upstream-only,移植上游,吸收上游文件/资源。
public/like520/sully/eyes-base.png,upstream-only,移植上游,吸收上游文件/资源。
public/like520/sully/eyes.png,upstream-only,移植上游,吸收上游文件/资源。
public/like520/sully/fronthair.png,upstream-only,移植上游,吸收上游文件/资源。
public/manifest-classic.webmanifest,upstream-only,移植上游,吸收上游文件/资源。
public/manifest.webmanifest,upstream-only,移植上游,吸收上游文件/资源。
public/mediapipe/wasm/vision_wasm_internal.js,fork-only,保留二改,保留二改路径；相关调用按融合后的接口调整。
public/mediapipe/wasm/vision_wasm_nosimd_internal.js,fork-only,保留二改,保留二改路径；相关调用按融合后的接口调整。
public/recover.html,upstream-only,移植上游,吸收上游文件/资源。
public/room3d/animations/happy-wave-source.glb,upstream-only,移植上游,吸收上游文件/资源。
public/room3d/animations/happy-wave.json,upstream-only,移植上游,吸收上游文件/资源。
public/room3d/bath_cart.glb,upstream-only,移植上游,吸收上游文件/资源。
public/room3d/bath_detergent.glb,upstream-only,移植上游,吸收上游文件/资源。
public/room3d/bath_folded_towels.glb,upstream-only,移植上游,吸收上游文件/资源。
public/room3d/bath_hamper.glb,upstream-only,移植上游,吸收上游文件/资源。
public/room3d/bath_linen_cabinet.glb,upstream-only,移植上游,吸收上游文件/资源。
public/room3d/bath_mat.glb,upstream-only,移植上游,吸收上游文件/资源。
public/room3d/bath_shower.glb,upstream-only,移植上游,吸收上游文件/资源。
public/room3d/bath_soap.glb,upstream-only,移植上游,吸收上游文件/资源。
public/room3d/bath_stool.glb,upstream-only,移植上游,吸收上游文件/资源。
public/room3d/bath_toilet.glb,upstream-only,移植上游,吸收上游文件/资源。
public/room3d/bath_towel_rack.glb,upstream-only,移植上游,吸收上游文件/资源。
public/room3d/bath_tray.glb,upstream-only,移植上游,吸收上游文件/资源。
public/room3d/bath_tub.glb,upstream-only,移植上游,吸收上游文件/资源。
public/room3d/bath_vanity.glb,upstream-only,移植上游,吸收上游文件/资源。
public/room3d/bath_washer.glb,upstream-only,移植上游,吸收上游文件/资源。
public/room3d/bathroom_ref_basket.glb,upstream-only,移植上游,吸收上游文件/资源。
public/room3d/bathroom_ref_bath_mat.glb,upstream-only,移植上游,吸收上游文件/资源。
public/room3d/bathroom_ref_botanical.glb,upstream-only,移植上游,吸收上游文件/资源。
public/room3d/bathroom_ref_cabinet_top.glb,upstream-only,移植上游,吸收上游文件/资源。
public/room3d/bathroom_ref_flower_mat.glb,upstream-only,移植上游,吸收上游文件/资源。
public/room3d/bathroom_ref_hanging_plant.glb,upstream-only,移植上游,吸收上游文件/资源。
public/room3d/bathroom_ref_laundry_top.glb,upstream-only,移植上游,吸收上游文件/资源。
public/room3d/bathroom_ref_robe.glb,upstream-only,移植上游,吸收上游文件/资源。
public/room3d/bathroom_ref_shower_mat.glb,upstream-only,移植上游,吸收上游文件/资源。
public/room3d/bathroom_ref_shower_plant.glb,upstream-only,移植上游,吸收上游文件/资源。
public/room3d/bathroom_ref_slippers.glb,upstream-only,移植上游,吸收上游文件/资源。
public/room3d/bathroom_ref_toilet_shelf.glb,upstream-only,移植上游,吸收上游文件/资源。
public/room3d/bathroom_ref_towel_hooks.glb,upstream-only,移植上游,吸收上游文件/资源。
public/room3d/bathroom_ref_towel_shelf.glb,upstream-only,移植上游,吸收上游文件/资源。
public/room3d/bathroom_ref_trailing_plant.glb,upstream-only,移植上游,吸收上游文件/资源。
public/room3d/bathroom_ref_window.glb,upstream-only,移植上游,吸收上游文件/资源。
public/room3d/bedroom_alarm.glb,upstream-only,移植上游,吸收上游文件/资源。
public/room3d/bedroom_bench.glb,upstream-only,移植上游,吸收上游文件/资源。
public/room3d/bedroom_brush_cup.glb,upstream-only,移植上游,吸收上游文件/资源。
public/room3d/bedroom_brushes.glb,upstream-only,移植上游,吸收上游文件/资源。
public/room3d/bedroom_bunk.glb,upstream-only,移植上游,吸收上游文件/资源。
public/room3d/bedroom_desk_chair.glb,upstream-only,移植上游,吸收上游文件/资源。
public/room3d/bedroom_double_bed.glb,upstream-only,移植上游,吸收上游文件/资源。
public/room3d/bedroom_dresser.glb,upstream-only,移植上游,吸收上游文件/资源。
public/room3d/bedroom_floor_lamp.glb,upstream-only,移植上游,吸收上游文件/资源。
public/room3d/bedroom_jelly.glb,upstream-only,移植上游,吸收上游文件/资源。
public/room3d/bedroom_jewelry_box.glb,upstream-only,移植上游,吸收上游文件/资源。
public/room3d/bedroom_loft.glb,upstream-only,移植上游,吸收上游文件/资源。
public/room3d/bedroom_mirror.glb,upstream-only,移植上游,吸收上游文件/资源。
public/room3d/bedroom_nightstand.glb,upstream-only,移植上游,吸收上游文件/资源。
public/room3d/bedroom_perfume.glb,upstream-only,移植上游,吸收上游文件/资源。
public/room3d/bedroom_pillow_plush.glb,upstream-only,移植上游,吸收上游文件/资源。
public/room3d/bedroom_rabbit.glb,upstream-only,移植上游,吸收上游文件/资源。
public/room3d/bedroom_ref_bedside_top.glb,upstream-only,移植上游,吸收上游文件/资源。
public/room3d/bedroom_ref_bench.glb,upstream-only,移植上游,吸收上游文件/资源。
public/room3d/bedroom_ref_bin.glb,upstream-only,移植上游,吸收上游文件/资源。
public/room3d/bedroom_ref_dresser.glb,upstream-only,移植上游,吸收上游文件/资源。
public/room3d/bedroom_ref_dresser_top.glb,upstream-only,移植上游,吸收上游文件/资源。
public/room3d/bedroom_ref_entry_mat.glb,upstream-only,移植上游,吸收上游文件/资源。
public/room3d/bedroom_ref_floor_lamp.glb,upstream-only,移植上游,吸收上游文件/资源。
public/room3d/bedroom_ref_flower_pouf.glb,upstream-only,移植上游,吸收上游文件/资源。
public/room3d/bedroom_ref_moon_art.glb,upstream-only,移植上游,吸收上游文件/资源。
public/room3d/bedroom_ref_nightstand.glb,upstream-only,移植上游,吸收上游文件/资源。
public/room3d/bedroom_ref_photo_string.glb,upstream-only,移植上游,吸收上游文件/资源。
public/room3d/bedroom_ref_rug.glb,upstream-only,移植上游,吸收上游文件/资源。
public/room3d/bedroom_ref_sideboard.glb,upstream-only,移植上游,吸收上游文件/资源。
public/room3d/bedroom_ref_sideboard_top.glb,upstream-only,移植上游,吸收上游文件/资源。
public/room3d/bedroom_ref_sill_garden.glb,upstream-only,移植上游,吸收上游文件/资源。
public/room3d/bedroom_ref_sleeping_cat.glb,upstream-only,移植上游,吸收上游文件/资源。
public/room3d/bedroom_ref_tea.glb,upstream-only,移植上游,吸收上游文件/资源。
public/room3d/bedroom_ref_tea_table.glb,upstream-only,移植上游,吸收上游文件/资源。
public/room3d/bedroom_ref_wall_rack.glb,upstream-only,移植上游,吸收上游文件/资源。
public/room3d/bedroom_ref_wardrobe.glb,upstream-only,移植上游,吸收上游文件/资源。
public/room3d/bedroom_ref_wardrobe_top.glb,upstream-only,移植上游,吸收上游文件/资源。
public/room3d/bedroom_ref_window.glb,upstream-only,移植上游,吸收上游文件/资源。
public/room3d/bedroom_scent.glb,upstream-only,移植上游,吸收上游文件/资源。
public/room3d/bedroom_single_bed.glb,upstream-only,移植上游,吸收上游文件/资源。
public/room3d/bedroom_stationery.glb,upstream-only,移植上游,吸收上游文件/资源。
public/room3d/bedroom_stool.glb,upstream-only,移植上游,吸收上游文件/资源。
public/room3d/bedroom_table_lamp.glb,upstream-only,移植上游,吸收上游文件/资源。
public/room3d/bedroom_turtle.glb,upstream-only,移植上游,吸收上游文件/资源。
public/room3d/bedroom_vanity.glb,upstream-only,移植上游,吸收上游文件/资源。
public/room3d/bedroom_wardrobe.glb,upstream-only,移植上游,吸收上游文件/资源。
public/room3d/catalog.json,upstream-only,移植上游,吸收上游文件/资源。
public/room3d/daisy_books.glb,upstream-only,移植上游,吸收上游文件/资源。
public/room3d/daisy_cookies.glb,upstream-only,移植上游,吸收上游文件/资源。
public/room3d/daisy_mug.glb,upstream-only,移植上游,吸收上游文件/资源。
public/room3d/daisy_table.glb,upstream-only,移植上游,吸收上游文件/资源。
public/room3d/daisy_vase.glb,upstream-only,移植上游,吸收上游文件/资源。
public/room3d/dining_chair.glb,upstream-only,移植上游,吸收上游文件/资源。
public/room3d/dining_napkins.glb,upstream-only,移植上游,吸收上游文件/资源。
public/room3d/dining_table.glb,upstream-only,移植上游,吸收上游文件/资源。
public/room3d/dining_vase.glb,upstream-only,移植上游,吸收上游文件/资源。
public/room3d/face/brow-01.png,upstream-only,移植上游,吸收上游文件/资源。
public/room3d/face/brow-02.png,upstream-only,移植上游,吸收上游文件/资源。
public/room3d/face/brow-03.png,upstream-only,移植上游,吸收上游文件/资源。
public/room3d/face/brow-04.png,upstream-only,移植上游,吸收上游文件/资源。
public/room3d/face/brow-original-01.png,upstream-only,移植上游,吸收上游文件/资源。
public/room3d/face/brow-original-02.png,upstream-only,移植上游,吸收上游文件/资源。
public/room3d/face/brow-original-03.png,upstream-only,移植上游,吸收上游文件/资源。
public/room3d/face/brow-original-04.png,upstream-only,移植上游,吸收上游文件/资源。
public/room3d/face/brow-original-05.png,upstream-only,移植上游,吸收上游文件/资源。
public/room3d/face/brow-original-06.png,upstream-only,移植上游,吸收上游文件/资源。
public/room3d/face/brow-original-07.png,upstream-only,移植上游,吸收上游文件/资源。
public/room3d/face/highlight-01.png,upstream-only,移植上游,吸收上游文件/资源。
public/room3d/face/highlight-02.png,upstream-only,移植上游,吸收上游文件/资源。
public/room3d/face/highlight-03.png,upstream-only,移植上游,吸收上游文件/资源。
public/room3d/face/highlight-04.png,upstream-only,移植上游,吸收上游文件/资源。
public/room3d/face/highlight-05.png,upstream-only,移植上游,吸收上游文件/资源。
public/room3d/face/highlight-06.png,upstream-only,移植上游,吸收上游文件/资源。
public/room3d/face/highlight-07.png,upstream-only,移植上游,吸收上游文件/资源。
public/room3d/face/highlight-classic-01.png,upstream-only,移植上游,吸收上游文件/资源。
public/room3d/face/highlight-classic-02.png,upstream-only,移植上游,吸收上游文件/资源。
public/room3d/face/highlight-classic-03.png,upstream-only,移植上游,吸收上游文件/资源。
public/room3d/face/highlight-classic-04.png,upstream-only,移植上游,吸收上游文件/资源。
public/room3d/face/highlight-classic-05.png,upstream-only,移植上游,吸收上游文件/资源。
public/room3d/face/highlight-classic-06.png,upstream-only,移植上游,吸收上游文件/资源。
public/room3d/face/highlight-original-01.png,upstream-only,移植上游,吸收上游文件/资源。
public/room3d/face/highlight-original-02.png,upstream-only,移植上游,吸收上游文件/资源。
public/room3d/face/highlight-original-03.png,upstream-only,移植上游,吸收上游文件/资源。
public/room3d/face/highlight-original-04.png,upstream-only,移植上游,吸收上游文件/资源。
public/room3d/face/highlight-original-05.png,upstream-only,移植上游,吸收上游文件/资源。
public/room3d/face/highlight-original-06.png,upstream-only,移植上游,吸收上游文件/资源。
public/room3d/face/highlight-original-07.png,upstream-only,移植上游,吸收上游文件/资源。
public/room3d/face/iris-01-half.png,upstream-only,移植上游,吸收上游文件/资源。
public/room3d/face/iris-01-open.png,upstream-only,移植上游,吸收上游文件/资源。
public/room3d/face/iris-02-half.png,upstream-only,移植上游,吸收上游文件/资源。
public/room3d/face/iris-02-open.png,upstream-only,移植上游,吸收上游文件/资源。
public/room3d/face/iris-03-half.png,upstream-only,移植上游,吸收上游文件/资源。
public/room3d/face/iris-03-open.png,upstream-only,移植上游,吸收上游文件/资源。
public/room3d/face/iris-05-half.png,upstream-only,移植上游,吸收上游文件/资源。
public/room3d/face/iris-05-open.png,upstream-only,移植上游,吸收上游文件/资源。
public/room3d/face/iris-06-half.png,upstream-only,移植上游,吸收上游文件/资源。
public/room3d/face/iris-06-open.png,upstream-only,移植上游,吸收上游文件/资源。
public/room3d/face/iris-07-half.png,upstream-only,移植上游,吸收上游文件/资源。
public/room3d/face/iris-07-open.png,upstream-only,移植上游,吸收上游文件/资源。
public/room3d/face/lower-01.png,upstream-only,移植上游,吸收上游文件/资源。
public/room3d/face/lower-02.png,upstream-only,移植上游,吸收上游文件/资源。
public/room3d/face/lower-03.png,upstream-only,移植上游,吸收上游文件/资源。
public/room3d/face/lower-05.png,upstream-only,移植上游,吸收上游文件/资源。
public/room3d/face/lower-06.png,upstream-only,移植上游,吸收上游文件/资源。
public/room3d/face/lower-07.png,upstream-only,移植上游,吸收上游文件/资源。
public/room3d/face/mouth-closed-01.png,upstream-only,移植上游,吸收上游文件/资源。
public/room3d/face/mouth-closed-03.png,upstream-only,移植上游,吸收上游文件/资源。
public/room3d/face/mouth-closed-04.png,upstream-only,移植上游,吸收上游文件/资源。
public/room3d/face/mouth-closed-06.png,upstream-only,移植上游,吸收上游文件/资源。
public/room3d/face/mouth-closed-07.png,upstream-only,移植上游,吸收上游文件/资源。
public/room3d/face/mouth-closed-09.png,upstream-only,移植上游,吸收上游文件/资源。
public/room3d/face/mouth-closed-10.png,upstream-only,移植上游,吸收上游文件/资源。
public/room3d/face/mouth-open-01.png,upstream-only,移植上游,吸收上游文件/资源。
public/room3d/face/mouth-open-02.png,upstream-only,移植上游,吸收上游文件/资源。
public/room3d/face/mouth-open-03.png,upstream-only,移植上游,吸收上游文件/资源。
public/room3d/face/mouth-smile-02.png,upstream-only,移植上游,吸收上游文件/资源。
public/room3d/face/mouth-smile-08.png,upstream-only,移植上游,吸收上游文件/资源。
public/room3d/face/upper-01-half.png,upstream-only,移植上游,吸收上游文件/资源。
public/room3d/face/upper-01-happy.png,upstream-only,移植上游,吸收上游文件/资源。
public/room3d/face/upper-01-open.png,upstream-only,移植上游,吸收上游文件/资源。
public/room3d/face/upper-02-half.png,upstream-only,移植上游,吸收上游文件/资源。
public/room3d/face/upper-02-happy.png,upstream-only,移植上游,吸收上游文件/资源。
public/room3d/face/upper-02-open.png,upstream-only,移植上游,吸收上游文件/资源。
public/room3d/face/upper-03-half.png,upstream-only,移植上游,吸收上游文件/资源。
public/room3d/face/upper-03-happy.png,upstream-only,移植上游,吸收上游文件/资源。
public/room3d/face/upper-03-open.png,upstream-only,移植上游,吸收上游文件/资源。
public/room3d/face/upper-04-closed.png,upstream-only,移植上游,吸收上游文件/资源。
public/room3d/face/upper-05-half.png,upstream-only,移植上游,吸收上游文件/资源。
public/room3d/face/upper-05-happy.png,upstream-only,移植上游,吸收上游文件/资源。
public/room3d/face/upper-05-open.png,upstream-only,移植上游,吸收上游文件/资源。
public/room3d/face/upper-06-half.png,upstream-only,移植上游,吸收上游文件/资源。
public/room3d/face/upper-06-happy.png,upstream-only,移植上游,吸收上游文件/资源。
public/room3d/face/upper-06-open.png,upstream-only,移植上游,吸收上游文件/资源。
public/room3d/face/upper-07-half.png,upstream-only,移植上游,吸收上游文件/资源。
public/room3d/face/upper-07-happy.png,upstream-only,移植上游,吸收上游文件/资源。
public/room3d/face/upper-07-open.png,upstream-only,移植上游,吸收上游文件/资源。
public/room3d/face/upper-common-closed.png,upstream-only,移植上游,吸收上游文件/资源。
public/room3d/face/white-01-half.png,upstream-only,移植上游,吸收上游文件/资源。
public/room3d/face/white-01-open.png,upstream-only,移植上游,吸收上游文件/资源。
public/room3d/face/white-02-half.png,upstream-only,移植上游,吸收上游文件/资源。
public/room3d/face/white-02-open.png,upstream-only,移植上游,吸收上游文件/资源。
public/room3d/face/white-03-half.png,upstream-only,移植上游,吸收上游文件/资源。
public/room3d/face/white-03-open.png,upstream-only,移植上游,吸收上游文件/资源。
public/room3d/face/white-05-half.png,upstream-only,移植上游,吸收上游文件/资源。
public/room3d/face/white-05-open.png,upstream-only,移植上游,吸收上游文件/资源。
public/room3d/face/white-06-half.png,upstream-only,移植上游,吸收上游文件/资源。
public/room3d/face/white-06-open.png,upstream-only,移植上游,吸收上游文件/资源。
public/room3d/face/white-07-half.png,upstream-only,移植上游,吸收上游文件/资源。
public/room3d/face/white-07-open.png,upstream-only,移植上游,吸收上游文件/资源。
public/room3d/gaming_chair.glb,upstream-only,移植上游,吸收上游文件/资源。
public/room3d/gaming_controller_dock.glb,upstream-only,移植上游,吸收上游文件/资源。
public/room3d/gaming_desk.glb,upstream-only,移植上游,吸收上游文件/资源。
public/room3d/gaming_display.glb,upstream-only,移植上游,吸收上游文件/资源。
public/room3d/gaming_drawers.glb,upstream-only,移植上游,吸收上游文件/资源。
public/room3d/gaming_headphones.glb,upstream-only,移植上游,吸收上游文件/资源。
public/room3d/gaming_keyboard.glb,upstream-only,移植上游,吸收上游文件/资源。
public/room3d/gaming_lamp.glb,upstream-only,移植上游,吸收上游文件/资源。
public/room3d/gaming_light.glb,upstream-only,移植上游,吸收上游文件/资源。
public/room3d/gaming_maimai.glb,upstream-only,移植上游,吸收上游文件/资源。
public/room3d/gaming_microphone.glb,upstream-only,移植上游,吸收上游文件/资源。
public/room3d/gaming_monitors.glb,upstream-only,移植上游,吸收上游文件/资源。
public/room3d/gaming_mouse.glb,upstream-only,移植上游,吸收上游文件/资源。
public/room3d/gaming_notepad.glb,upstream-only,移植上游,吸收上游文件/资源。
public/room3d/gaming_organizer.glb,upstream-only,移植上游,吸收上游文件/资源。
public/room3d/gaming_pc.glb,upstream-only,移植上游,吸收上游文件/资源。
public/room3d/gaming_phone_stand.glb,upstream-only,移植上游,吸收上游文件/资源。
public/room3d/gaming_racing.glb,upstream-only,移植上游,吸收上游文件/资源。
public/room3d/gaming_speaker.glb,upstream-only,移植上游,吸收上游文件/资源。
public/room3d/gaming_webcam.glb,upstream-only,移植上游,吸收上游文件/资源。
public/room3d/kit.glb,upstream-only,移植上游,吸收上游文件/资源。
public/room3d/kitchen_appliance_shelf.glb,upstream-only,移植上游,吸收上游文件/资源。
public/room3d/kitchen_bin.glb,upstream-only,移植上游,吸收上游文件/资源。
public/room3d/kitchen_cart.glb,upstream-only,移植上游,吸收上游文件/资源。
public/room3d/kitchen_cat_jar.glb,upstream-only,移植上游,吸收上游文件/资源。
public/room3d/kitchen_fridge.glb,upstream-only,移植上游,吸收上游文件/资源。
public/room3d/kitchen_fruit_bowl.glb,upstream-only,移植上游,吸收上游文件/资源。
public/room3d/kitchen_island.glb,upstream-only,移植上游,吸收上游文件/资源。
public/room3d/kitchen_range.glb,upstream-only,移植上游,吸收上游文件/资源。
public/room3d/kitchen_ref_breakfast.glb,upstream-only,移植上游,吸收上游文件/资源。
public/room3d/kitchen_ref_hood.glb,upstream-only,移植上游,吸收上游文件/资源。
public/room3d/kitchen_ref_mat.glb,upstream-only,移植上游,吸收上游文件/资源。
public/room3d/kitchen_ref_prep.glb,upstream-only,移植上游,吸收上游文件/资源。
public/room3d/kitchen_ref_rack.glb,upstream-only,移植上游,吸收上游文件/资源。
public/room3d/kitchen_ref_runner.glb,upstream-only,移植上游,吸收上游文件/资源。
public/room3d/kitchen_ref_shelves.glb,upstream-only,移植上游,吸收上游文件/资源。
public/room3d/kitchen_ref_trolley.glb,upstream-only,移植上游,吸收上游文件/资源。
public/room3d/kitchen_ref_window.glb,upstream-only,移植上游,吸收上游文件/资源。
public/room3d/kitchen_sink.glb,upstream-only,移植上游,吸收上游文件/资源。
public/room3d/kitchen_spice_shelf.glb,upstream-only,移植上游,吸收上游文件/资源。
public/room3d/kitchenware_board.glb,upstream-only,移植上游,吸收上游文件/资源。
public/room3d/kitchenware_coffee.glb,upstream-only,移植上游,吸收上游文件/资源。
public/room3d/kitchenware_plates.glb,upstream-only,移植上游,吸收上游文件/资源。
public/room3d/kitchenware_pot.glb,upstream-only,移植上游,吸收上游文件/资源。
public/room3d/kitchenware_rail.glb,upstream-only,移植上游,吸收上游文件/资源。
public/room3d/kitchenware_settings.glb,upstream-only,移植上游,吸收上游文件/资源。
public/room3d/kitchenware_spices.glb,upstream-only,移植上游,吸收上游文件/资源。
public/room3d/kitchenware_tools.glb,upstream-only,移植上游,吸收上游文件/资源。
public/room3d/little_console.glb,upstream-only,移植上游,吸收上游文件/资源。
public/room3d/little_controller.glb,upstream-only,移植上游,吸收上游文件/资源。
public/room3d/living_ref_bookcase.glb,upstream-only,移植上游,吸收上游文件/资源。
public/room3d/living_ref_bookcase_top.glb,upstream-only,移植上游,吸收上游文件/资源。
public/room3d/living_ref_books.glb,upstream-only,移植上游,吸收上游文件/资源。
public/room3d/living_ref_cat_tree.glb,upstream-only,移植上游,吸收上游文件/资源。
public/room3d/living_ref_clock.glb,upstream-only,移植上游,吸收上游文件/资源。
public/room3d/living_ref_console.glb,upstream-only,移植上游,吸收上游文件/资源。
public/room3d/living_ref_console_plant.glb,upstream-only,移植上游,吸收上游文件/资源。
public/room3d/living_ref_record_cabinet.glb,upstream-only,移植上游,吸收上游文件/资源。
public/room3d/living_ref_rug.glb,upstream-only,移植上游,吸收上游文件/资源。
public/room3d/living_ref_sofa.glb,upstream-only,移植上游,吸收上游文件/资源。
public/room3d/living_ref_tea_tray.glb,upstream-only,移植上游,吸收上游文件/资源。
public/room3d/living_ref_television.glb,upstream-only,移植上游,吸收上游文件/资源。
public/room3d/living_ref_tree.glb,upstream-only,移植上游,吸收上游文件/资源。
public/room3d/living_ref_wall_shelf.glb,upstream-only,移植上游,吸收上游文件/资源。
public/room3d/living_ref_window.glb,upstream-only,移植上游,吸收上游文件/资源。
public/room3d/media_cabinet.glb,upstream-only,移植上游,吸收上游文件/资源。
public/room3d/monstera.glb,upstream-only,移植上游,吸收上游文件/资源。
public/room3d/motions/Hanami-NOTICE.md,upstream-only,移植上游,吸收上游文件/资源。
public/room3d/motions/LICENSE-Apache-2.0.txt,upstream-only,移植上游,吸收上游文件/资源。
public/room3d/motions/NOTICE.txt,upstream-only,移植上游,吸收上游文件/资源。
public/room3d/motions/photo/CREDITS.md,upstream-only,移植上游,吸收上游文件/资源。
public/room3d/motions/photo/pose-mh-anrico_standing11.json,upstream-only,移植上游,吸收上游文件/资源。
public/room3d/motions/photo/pose-mh-anrico_standing11.png,upstream-only,移植上游,吸收上游文件/资源。
public/room3d/motions/photo/pose-mh-callharvey3d_standingatease.json,upstream-only,移植上游,吸收上游文件/资源。
public/room3d/motions/photo/pose-mh-callharvey3d_standingatease.png,upstream-only,移植上游,吸收上游文件/资源。
public/room3d/motions/photo/pose-mh-drednicolson_arms_akimbo.json,upstream-only,移植上游,吸收上游文件/资源。
public/room3d/motions/photo/pose-mh-drednicolson_arms_akimbo.png,upstream-only,移植上游,吸收上游文件/资源。
public/room3d/motions/photo/pose-mh-gpedroso_peace_and_love.json,upstream-only,移植上游,吸收上游文件/资源。
public/room3d/motions/photo/pose-mh-gpedroso_peace_and_love.png,upstream-only,移植上游,吸收上游文件/资源。
public/room3d/motions/photo/pose-mh-milkman_sit_01a.json,upstream-only,移植上游,吸收上游文件/资源。
public/room3d/motions/photo/pose-mh-milkman_sit_01a.png,upstream-only,移植上游,吸收上游文件/资源。
public/room3d/motions/photo/pose-mh-punkduck_hand_on_shoulder_01.json,upstream-only,移植上游,吸收上游文件/资源。
public/room3d/motions/photo/pose-mh-punkduck_hand_on_shoulder_01.png,upstream-only,移植上游,吸收上游文件/资源。
public/room3d/motions/photo/pose-mh-punkduck_pd_fashion02.json,upstream-only,移植上游,吸收上游文件/资源。
public/room3d/motions/photo/pose-mh-punkduck_pd_fashion02.png,upstream-only,移植上游,吸收上游文件/资源。
public/room3d/motions/photo/pose-mh-sohh_posing4.json,upstream-only,移植上游,吸收上游文件/资源。
public/room3d/motions/photo/pose-mh-sohh_posing4.png,upstream-only,移植上游,吸收上游文件/资源。
public/room3d/motions/photo/pose-mh-sohh_posing5.json,upstream-only,移植上游,吸收上游文件/资源。
public/room3d/motions/photo/pose-mh-sohh_posing5.png,upstream-only,移植上游,吸收上游文件/资源。
public/room3d/motions/photo/pose-mh-sohh_posing6.json,upstream-only,移植上游,吸收上游文件/资源。
public/room3d/motions/photo/pose-mh-sohh_posing6.png,upstream-only,移植上游,吸收上游文件/资源。
public/room3d/motions/photo/pose-mh-sohh_standing1.json,upstream-only,移植上游,吸收上游文件/资源。
public/room3d/motions/photo/pose-mh-sohh_standing1.png,upstream-only,移植上游,吸收上游文件/资源。
public/room3d/motions/photo/pose-mh-sohh_standing2.json,upstream-only,移植上游,吸收上游文件/资源。
public/room3d/motions/photo/pose-mh-sohh_standing2.png,upstream-only,移植上游,吸收上游文件/资源。
public/room3d/motions/photo/pose-mh-wolgade_sit_on_ground_01.json,upstream-only,移植上游,吸收上游文件/资源。
public/room3d/motions/photo/pose-mh-wolgade_sit_on_ground_01.png,upstream-only,移植上游,吸收上游文件/资源。
public/room3d/motions/photo/pose-mh-xhado84_sitting_floor_3.json,upstream-only,移植上游,吸收上游文件/资源。
public/room3d/motions/photo/pose-mh-xhado84_sitting_floor_3.png,upstream-only,移植上游,吸收上游文件/资源。
public/room3d/motions/selected/CMU-LICENSE.txt,upstream-only,移植上游,吸收上游文件/资源。
public/room3d/motions/selected/CREDITS.md,upstream-only,移植上游,吸收上游文件/资源。
public/room3d/motions/selected/Hanami-NOTICE.md,upstream-only,移植上游,吸收上游文件/资源。
public/room3d/motions/selected/cmu-13_17.json,upstream-only,移植上游,吸收上游文件/资源。
public/room3d/motions/selected/cmu-18_03.json,upstream-only,移植上游,吸收上游文件/资源。
public/room3d/motions/selected/cmu-18_05.json,upstream-only,移植上游,吸收上游文件/资源。
public/room3d/motions/selected/cmu-18_08.json,upstream-only,移植上游,吸收上游文件/资源。
public/room3d/motions/selected/cmu-18_10.json,upstream-only,移植上游,吸收上游文件/资源。
public/room3d/motions/selected/cmu-20_10.json,upstream-only,移植上游,吸收上游文件/资源。
public/room3d/motions/selected/cmu-20_11.json,upstream-only,移植上游,吸收上游文件/资源。
public/room3d/motions/selected/cmu-20_12.json,upstream-only,移植上游,吸收上游文件/资源。
public/room3d/motions/selected/cmu-20_13.json,upstream-only,移植上游,吸收上游文件/资源。
public/room3d/motions/selected/cmu-22_01.json,upstream-only,移植上游,吸收上游文件/资源。
public/room3d/motions/selected/cmu-22_03.json,upstream-only,移植上游,吸收上游文件/资源。
public/room3d/motions/selected/cmu-22_04.json,upstream-only,移植上游,吸收上游文件/资源。
public/room3d/motions/selected/cmu-22_05.json,upstream-only,移植上游,吸收上游文件/资源。
public/room3d/motions/selected/cmu-22_07.json,upstream-only,移植上游,吸收上游文件/资源。
public/room3d/motions/selected/cmu-22_08.json,upstream-only,移植上游,吸收上游文件/资源。
public/room3d/motions/selected/cmu-22_09.json,upstream-only,移植上游,吸收上游文件/资源。
public/room3d/motions/selected/cmu-22_13.json,upstream-only,移植上游,吸收上游文件/资源。
public/room3d/motions/selected/cmu-22_15.json,upstream-only,移植上游,吸收上游文件/资源。
public/room3d/motions/selected/cmu-22_17.json,upstream-only,移植上游,吸收上游文件/资源。
public/room3d/motions/selected/home-hug.json,upstream-only,移植上游,吸收上游文件/资源。
public/room3d/motions/selected/home-princess-carried.json,upstream-only,移植上游,吸收上游文件/资源。
public/room3d/motions/selected/home-princess-carry.json,upstream-only,移植上游,吸收上游文件/资源。
public/room3d/motions/selected/manifest.json,upstream-only,移植上游,吸收上游文件/资源。
public/room3d/motions/selected/vrma-0c64f7e2cbde3af4.json,upstream-only,移植上游,吸收上游文件/资源。
public/room3d/motions/selected/vrma-1e8fb16b889c9054.json,upstream-only,移植上游,吸收上游文件/资源。
public/room3d/motions/selected/vrma-3b1c1155dfac93d4.json,upstream-only,移植上游,吸收上游文件/资源。
public/room3d/motions/selected/vrma-40db0f7c6d612001.json,upstream-only,移植上游,吸收上游文件/资源。
public/room3d/motions/selected/vrma-54a37ca48a1d4ffb.json,upstream-only,移植上游,吸收上游文件/资源。
public/room3d/motions/selected/vrma-55b69cf6ed4213ad.json,upstream-only,移植上游,吸收上游文件/资源。
public/room3d/motions/selected/vrma-6a8dd04f6a0b4f07.json,upstream-only,移植上游,吸收上游文件/资源。
public/room3d/motions/selected/vrma-788371d87156b583.json,upstream-only,移植上游,吸收上游文件/资源。
public/room3d/motions/selected/vrma-7bc4b0a91cd1feb0.json,upstream-only,移植上游,吸收上游文件/资源。
public/room3d/motions/selected/vrma-7cac053d27467ce6.json,upstream-only,移植上游,吸收上游文件/资源。
public/room3d/motions/selected/vrma-7d011478fbff385b.json,upstream-only,移植上游,吸收上游文件/资源。
public/room3d/motions/selected/vrma-8bd33d84e90c0243.json,upstream-only,移植上游,吸收上游文件/资源。
public/room3d/motions/selected/vrma-9563c582418bd5b5.json,upstream-only,移植上游,吸收上游文件/资源。
public/room3d/motions/selected/vrma-a7dffdd79957bf87.json,upstream-only,移植上游,吸收上游文件/资源。
public/room3d/motions/selected/vrma-ad2a5118837bfa67.json,upstream-only,移植上游,吸收上游文件/资源。
public/room3d/motions/selected/vrma-bde19e90366f6448.json,upstream-only,移植上游,吸收上游文件/资源。
public/room3d/motions/selected/vrma-c5f715092eacacc8.json,upstream-only,移植上游,吸收上游文件/资源。
public/room3d/motions/selected/vrma-cae36da2cc8b9845.json,upstream-only,移植上游,吸收上游文件/资源。
public/room3d/motions/selected/vrma-e3d9fa72f0bd27cc.json,upstream-only,移植上游,吸收上游文件/资源。
public/room3d/motions/selected/vrma-fdcc1a71495a8b1b.json,upstream-only,移植上游,吸收上游文件/资源。
public/room3d/motions/social-source/13_17.bvh,upstream-only,移植上游,吸收上游文件/资源。
public/room3d/motions/social-source/22_05.bvh,upstream-only,移植上游,吸收上游文件/资源。
public/room3d/motions/social-source/22_07.bvh,upstream-only,移植上游,吸收上游文件/资源。
public/room3d/motions/social-source/23_05.bvh,upstream-only,移植上游,吸收上游文件/资源。
public/room3d/motions/social-source/23_07.bvh,upstream-only,移植上游,吸收上游文件/资源。
public/room3d/motions/social-source/CMU-cgspeed-README.txt,upstream-only,移植上游,吸收上游文件/资源。
public/room3d/motions/social-source/manifest.json,upstream-only,移植上游,吸收上游文件/资源。
public/room3d/pet_bowls.glb,upstream-only,移植上游,吸收上游文件/资源。
public/room3d/petal-armchair.glb,upstream-only,移植上游,吸收上游文件/资源。
public/room3d/petal-sofa.glb,upstream-only,移植上游,吸收上游文件/资源。
public/room3d/pets/bird.glb,upstream-only,移植上游,吸收上游文件/资源。
public/room3d/pets/cat.glb,upstream-only,移植上游,吸收上游文件/资源。
public/room3d/pets/dog.glb,upstream-only,移植上游,吸收上游文件/资源。
public/room3d/pets/mat.glb,upstream-only,移植上游,吸收上游文件/资源。
public/room3d/pets/shark.glb,upstream-only,移植上游,吸收上游文件/资源。
public/room3d/pets/slime.glb,upstream-only,移植上游,吸收上游文件/资源。
public/room3d/pets/snake.glb,upstream-only,移植上游,吸收上游文件/资源。
public/room3d/pets/toy.glb,upstream-only,移植上游,吸收上游文件/资源。
public/room3d/pets/turtle.glb,upstream-only,移植上游,吸收上游文件/资源。
public/room3d/show_bed.glb,upstream-only,移植上游,吸收上游文件/资源。
public/room3d/show_bedroom_bench.glb,upstream-only,移植上游,吸收上游文件/资源。
public/room3d/show_bedroom_dresser.glb,upstream-only,移植上游,吸收上游文件/资源。
public/room3d/show_bedroom_low_shelf.glb,upstream-only,移植上游,吸收上游文件/资源。
public/room3d/show_bedroom_pouf.glb,upstream-only,移植上游,吸收上游文件/资源。
public/room3d/show_cat_tree.glb,upstream-only,移植上游,吸收上游文件/资源。
public/room3d/show_kitchen_bench.glb,upstream-only,移植上游,吸收上游文件/资源。
public/room3d/show_kitchen_counter.glb,upstream-only,移植上游,吸收上游文件/资源。
public/room3d/show_kitchen_island.glb,upstream-only,移植上游,吸收上游文件/资源。
public/room3d/show_kitchen_range.glb,upstream-only,移植上游,吸收上游文件/资源。
public/room3d/show_living_console.glb,upstream-only,移植上游,吸收上游文件/资源。
public/room3d/show_living_pouf.glb,upstream-only,移植上游,吸收上游文件/资源。
public/room3d/show_living_sofa.glb,upstream-only,移植上游,吸收上游文件/资源。
public/room3d/show_living_table.glb,upstream-only,移植上游,吸收上游文件/资源。
public/room3d/show_spa_bucket.glb,upstream-only,移植上游,吸收上游文件/资源。
public/room3d/show_spa_chest.glb,upstream-only,移植上游,吸收上游文件/资源。
public/room3d/show_spa_lantern.glb,upstream-only,移植上游,吸收上游文件/资源。
public/room3d/show_spa_pool.glb,upstream-only,移植上游,吸收上游文件/资源。
public/room3d/show_spa_stool.glb,upstream-only,移植上游,吸收上游文件/资源。
public/room3d/show_study_desk.glb,upstream-only,移植上游,吸收上游文件/资源。
public/room3d/show_study_pouf.glb,upstream-only,移植上游,吸收上游文件/资源。
public/room3d/show_study_shelf.glb,upstream-only,移植上游,吸收上游文件/资源。
public/room3d/show_study_tea_table.glb,upstream-only,移植上游,吸收上游文件/资源。
public/room3d/show_study_tower.glb,upstream-only,移植上游,吸收上游文件/资源。
public/room3d/show_wardrobe.glb,upstream-only,移植上游,吸收上游文件/资源。
public/room3d/showroom-door.glb,upstream-only,移植上游,吸收上游文件/资源。
public/room3d/small_television.glb,upstream-only,移植上游,吸收上游文件/资源。
public/room3d/study_ref_cabinet_plants.glb,upstream-only,移植上游,吸收上游文件/资源。
public/room3d/study_ref_cart.glb,upstream-only,移植上游,吸收上游文件/资源。
public/room3d/study_ref_entry_mat.glb,upstream-only,移植上游,吸收上游文件/资源。
public/room3d/study_ref_floor_light.glb,upstream-only,移植上游,吸收上游文件/资源。
public/room3d/study_ref_headphone_board.glb,upstream-only,移植上游,吸收上游文件/资源。
public/room3d/study_ref_memo.glb,upstream-only,移植上游,吸收上游文件/资源。
public/room3d/study_ref_printer_set.glb,upstream-only,移植上游,吸收上游文件/资源。
public/room3d/study_ref_rug.glb,upstream-only,移植上游,吸收上游文件/资源。
public/room3d/study_ref_task_lamp.glb,upstream-only,移植上游,吸收上游文件/资源。
public/room3d/study_ref_wall_shelves.glb,upstream-only,移植上游,吸收上游文件/资源。
public/room3d/study_ref_window.glb,upstream-only,移植上游,吸收上游文件/资源。
public/room3d/suite_art_abstract.glb,upstream-only,移植上游,吸收上游文件/资源。
public/room3d/suite_art_botanical.glb,upstream-only,移植上游,吸收上游文件/资源。
public/room3d/suite_art_moon.glb,upstream-only,移植上游,吸收上游文件/资源。
public/room3d/suite_books_plant.glb,upstream-only,移植上游,吸收上游文件/资源。
public/room3d/suite_dressing_mirror.glb,upstream-only,移植上游,吸收上游文件/资源。
public/room3d/suite_floor_mirror.glb,upstream-only,移植上游,吸收上游文件/资源。
public/room3d/suite_plant_large.glb,upstream-only,移植上游,吸收上游文件/资源。
public/room3d/suite_plant_small.glb,upstream-only,移植上游,吸收上游文件/资源。
public/room3d/suite_rug_border.glb,upstream-only,移植上游,吸收上游文件/资源。
public/room3d/suite_rug_grid.glb,upstream-only,移植上游,吸收上游文件/资源。
public/room3d/suite_tea_tray.glb,upstream-only,移植上游,吸收上游文件/资源。
public/room3d/suite_wall_shelf.glb,upstream-only,移植上游,吸收上游文件/资源。
public/room3d/suite_window_bedroom.glb,upstream-only,移植上游,吸收上游文件/资源。
public/room3d/suite_window_kitchen.glb,upstream-only,移植上游,吸收上游文件/资源。
public/room3d/suite_window_living.glb,upstream-only,移植上游,吸收上游文件/资源。
public/room3d/suite_window_spa.glb,upstream-only,移植上游,吸收上游文件/资源。
public/room3d/suite_window_study.glb,upstream-only,移植上游,吸收上游文件/资源。
public/room3d/thoughts/1F3B5.svg,upstream-only,移植上游,吸收上游文件/资源。
public/room3d/thoughts/1F4A4.svg,upstream-only,移植上游,吸收上游文件/资源。
public/room3d/thoughts/1F914.svg,upstream-only,移植上游,吸收上游文件/资源。
public/room3d/thoughts/2764.svg,upstream-only,移植上游,吸收上游文件/资源。
public/room3d/thoughts/ATTRIBUTION.txt,upstream-only,移植上游,吸收上游文件/资源。
public/room3d/thumbnails/aquarium.png,upstream-only,移植上游,吸收上游文件/资源。
public/room3d/thumbnails/back_gallery.png,upstream-only,移植上游,吸收上游文件/资源。
public/room3d/thumbnails/bath_cart.png,upstream-only,移植上游,吸收上游文件/资源。
public/room3d/thumbnails/bath_detergent.png,upstream-only,移植上游,吸收上游文件/资源。
public/room3d/thumbnails/bath_folded_towels.png,upstream-only,移植上游,吸收上游文件/资源。
public/room3d/thumbnails/bath_hamper.png,upstream-only,移植上游,吸收上游文件/资源。
public/room3d/thumbnails/bath_linen_cabinet.png,upstream-only,移植上游,吸收上游文件/资源。
public/room3d/thumbnails/bath_mat.png,upstream-only,移植上游,吸收上游文件/资源。
public/room3d/thumbnails/bath_shower.png,upstream-only,移植上游,吸收上游文件/资源。
public/room3d/thumbnails/bath_soap.png,upstream-only,移植上游,吸收上游文件/资源。
public/room3d/thumbnails/bath_stool.png,upstream-only,移植上游,吸收上游文件/资源。
public/room3d/thumbnails/bath_toilet.png,upstream-only,移植上游,吸收上游文件/资源。
public/room3d/thumbnails/bath_towel_rack.png,upstream-only,移植上游,吸收上游文件/资源。
public/room3d/thumbnails/bath_tray.png,upstream-only,移植上游,吸收上游文件/资源。
public/room3d/thumbnails/bath_tub.png,upstream-only,移植上游,吸收上游文件/资源。
public/room3d/thumbnails/bath_vanity.png,upstream-only,移植上游,吸收上游文件/资源。
public/room3d/thumbnails/bath_washer.png,upstream-only,移植上游,吸收上游文件/资源。
public/room3d/thumbnails/bathroom_ref_basket.png,upstream-only,移植上游,吸收上游文件/资源。
public/room3d/thumbnails/bathroom_ref_bath_mat.png,upstream-only,移植上游,吸收上游文件/资源。
public/room3d/thumbnails/bathroom_ref_botanical.png,upstream-only,移植上游,吸收上游文件/资源。
public/room3d/thumbnails/bathroom_ref_cabinet_top.png,upstream-only,移植上游,吸收上游文件/资源。
public/room3d/thumbnails/bathroom_ref_flower_mat.png,upstream-only,移植上游,吸收上游文件/资源。
public/room3d/thumbnails/bathroom_ref_hanging_plant.png,upstream-only,移植上游,吸收上游文件/资源。
public/room3d/thumbnails/bathroom_ref_laundry_top.png,upstream-only,移植上游,吸收上游文件/资源。
public/room3d/thumbnails/bathroom_ref_robe.png,upstream-only,移植上游,吸收上游文件/资源。
public/room3d/thumbnails/bathroom_ref_shower_mat.png,upstream-only,移植上游,吸收上游文件/资源。
public/room3d/thumbnails/bathroom_ref_shower_plant.png,upstream-only,移植上游,吸收上游文件/资源。
public/room3d/thumbnails/bathroom_ref_slippers.png,upstream-only,移植上游,吸收上游文件/资源。
public/room3d/thumbnails/bathroom_ref_toilet_shelf.png,upstream-only,移植上游,吸收上游文件/资源。
public/room3d/thumbnails/bathroom_ref_towel_hooks.png,upstream-only,移植上游,吸收上游文件/资源。
public/room3d/thumbnails/bathroom_ref_towel_shelf.png,upstream-only,移植上游,吸收上游文件/资源。
public/room3d/thumbnails/bathroom_ref_trailing_plant.png,upstream-only,移植上游,吸收上游文件/资源。
public/room3d/thumbnails/bathroom_ref_window.png,upstream-only,移植上游,吸收上游文件/资源。
public/room3d/thumbnails/bedroom_alarm.png,upstream-only,移植上游,吸收上游文件/资源。
public/room3d/thumbnails/bedroom_bench.png,upstream-only,移植上游,吸收上游文件/资源。
public/room3d/thumbnails/bedroom_brush_cup.png,upstream-only,移植上游,吸收上游文件/资源。
public/room3d/thumbnails/bedroom_brushes.png,upstream-only,移植上游,吸收上游文件/资源。
public/room3d/thumbnails/bedroom_bunk.png,upstream-only,移植上游,吸收上游文件/资源。
public/room3d/thumbnails/bedroom_desk_chair.png,upstream-only,移植上游,吸收上游文件/资源。
public/room3d/thumbnails/bedroom_double_bed.png,upstream-only,移植上游,吸收上游文件/资源。
public/room3d/thumbnails/bedroom_dresser.png,upstream-only,移植上游,吸收上游文件/资源。
public/room3d/thumbnails/bedroom_floor_lamp.png,upstream-only,移植上游,吸收上游文件/资源。
public/room3d/thumbnails/bedroom_jelly.png,upstream-only,移植上游,吸收上游文件/资源。
public/room3d/thumbnails/bedroom_jewelry_box.png,upstream-only,移植上游,吸收上游文件/资源。
public/room3d/thumbnails/bedroom_loft.png,upstream-only,移植上游,吸收上游文件/资源。
public/room3d/thumbnails/bedroom_mirror.png,upstream-only,移植上游,吸收上游文件/资源。
public/room3d/thumbnails/bedroom_nightstand.png,upstream-only,移植上游,吸收上游文件/资源。
public/room3d/thumbnails/bedroom_perfume.png,upstream-only,移植上游,吸收上游文件/资源。
public/room3d/thumbnails/bedroom_pillow_plush.png,upstream-only,移植上游,吸收上游文件/资源。
public/room3d/thumbnails/bedroom_rabbit.png,upstream-only,移植上游,吸收上游文件/资源。
public/room3d/thumbnails/bedroom_ref_bedside_top.png,upstream-only,移植上游,吸收上游文件/资源。
public/room3d/thumbnails/bedroom_ref_bench.png,upstream-only,移植上游,吸收上游文件/资源。
public/room3d/thumbnails/bedroom_ref_bin.png,upstream-only,移植上游,吸收上游文件/资源。
public/room3d/thumbnails/bedroom_ref_dresser.png,upstream-only,移植上游,吸收上游文件/资源。
public/room3d/thumbnails/bedroom_ref_dresser_top.png,upstream-only,移植上游,吸收上游文件/资源。
public/room3d/thumbnails/bedroom_ref_entry_mat.png,upstream-only,移植上游,吸收上游文件/资源。
public/room3d/thumbnails/bedroom_ref_floor_lamp.png,upstream-only,移植上游,吸收上游文件/资源。
public/room3d/thumbnails/bedroom_ref_flower_pouf.png,upstream-only,移植上游,吸收上游文件/资源。
public/room3d/thumbnails/bedroom_ref_moon_art.png,upstream-only,移植上游,吸收上游文件/资源。
public/room3d/thumbnails/bedroom_ref_nightstand.png,upstream-only,移植上游,吸收上游文件/资源。
public/room3d/thumbnails/bedroom_ref_photo_string.png,upstream-only,移植上游,吸收上游文件/资源。
public/room3d/thumbnails/bedroom_ref_rug.png,upstream-only,移植上游,吸收上游文件/资源。
public/room3d/thumbnails/bedroom_ref_sideboard.png,upstream-only,移植上游,吸收上游文件/资源。
public/room3d/thumbnails/bedroom_ref_sideboard_top.png,upstream-only,移植上游,吸收上游文件/资源。
public/room3d/thumbnails/bedroom_ref_sill_garden.png,upstream-only,移植上游,吸收上游文件/资源。
public/room3d/thumbnails/bedroom_ref_sleeping_cat.png,upstream-only,移植上游,吸收上游文件/资源。
public/room3d/thumbnails/bedroom_ref_tea.png,upstream-only,移植上游,吸收上游文件/资源。
public/room3d/thumbnails/bedroom_ref_tea_table.png,upstream-only,移植上游,吸收上游文件/资源。
public/room3d/thumbnails/bedroom_ref_wall_rack.png,upstream-only,移植上游,吸收上游文件/资源。
public/room3d/thumbnails/bedroom_ref_wardrobe.png,upstream-only,移植上游,吸收上游文件/资源。
public/room3d/thumbnails/bedroom_ref_wardrobe_top.png,upstream-only,移植上游,吸收上游文件/资源。
public/room3d/thumbnails/bedroom_ref_window.png,upstream-only,移植上游,吸收上游文件/资源。
public/room3d/thumbnails/bedroom_scent.png,upstream-only,移植上游,吸收上游文件/资源。
public/room3d/thumbnails/bedroom_single_bed.png,upstream-only,移植上游,吸收上游文件/资源。
public/room3d/thumbnails/bedroom_stationery.png,upstream-only,移植上游,吸收上游文件/资源。
public/room3d/thumbnails/bedroom_stool.png,upstream-only,移植上游,吸收上游文件/资源。
public/room3d/thumbnails/bedroom_table_lamp.png,upstream-only,移植上游,吸收上游文件/资源。
public/room3d/thumbnails/bedroom_turtle.png,upstream-only,移植上游,吸收上游文件/资源。
public/room3d/thumbnails/bedroom_vanity.png,upstream-only,移植上游,吸收上游文件/资源。
public/room3d/thumbnails/bedroom_wardrobe.png,upstream-only,移植上游,吸收上游文件/资源。
public/room3d/thumbnails/bedside.png,upstream-only,移植上游,吸收上游文件/资源。
public/room3d/thumbnails/bookcase.png,upstream-only,移植上游,吸收上游文件/资源。
public/room3d/thumbnails/chair.png,upstream-only,移植上游,吸收上游文件/资源。
public/room3d/thumbnails/corner_plant.png,upstream-only,移植上游,吸收上游文件/资源。
public/room3d/thumbnails/daisy_books.png,upstream-only,移植上游,吸收上游文件/资源。
public/room3d/thumbnails/daisy_cookies.png,upstream-only,移植上游,吸收上游文件/资源。
public/room3d/thumbnails/daisy_mug.png,upstream-only,移植上游,吸收上游文件/资源。
public/room3d/thumbnails/daisy_table.png,upstream-only,移植上游,吸收上游文件/资源。
public/room3d/thumbnails/daisy_vase.png,upstream-only,移植上游,吸收上游文件/资源。
public/room3d/thumbnails/desk.png,upstream-only,移植上游,吸收上游文件/资源。
public/room3d/thumbnails/dining_chair.png,upstream-only,移植上游,吸收上游文件/资源。
public/room3d/thumbnails/dining_napkins.png,upstream-only,移植上游,吸收上游文件/资源。
public/room3d/thumbnails/dining_table.png,upstream-only,移植上游,吸收上游文件/资源。
public/room3d/thumbnails/dining_vase.png,upstream-only,移植上游,吸收上游文件/资源。
public/room3d/thumbnails/gaming_chair.png,upstream-only,移植上游,吸收上游文件/资源。
public/room3d/thumbnails/gaming_controller_dock.png,upstream-only,移植上游,吸收上游文件/资源。
public/room3d/thumbnails/gaming_desk.png,upstream-only,移植上游,吸收上游文件/资源。
public/room3d/thumbnails/gaming_display.png,upstream-only,移植上游,吸收上游文件/资源。
public/room3d/thumbnails/gaming_drawers.png,upstream-only,移植上游,吸收上游文件/资源。
public/room3d/thumbnails/gaming_headphones.png,upstream-only,移植上游,吸收上游文件/资源。
public/room3d/thumbnails/gaming_keyboard.png,upstream-only,移植上游,吸收上游文件/资源。
public/room3d/thumbnails/gaming_lamp.png,upstream-only,移植上游,吸收上游文件/资源。
public/room3d/thumbnails/gaming_light.png,upstream-only,移植上游,吸收上游文件/资源。
public/room3d/thumbnails/gaming_maimai.png,upstream-only,移植上游,吸收上游文件/资源。
public/room3d/thumbnails/gaming_microphone.png,upstream-only,移植上游,吸收上游文件/资源。
public/room3d/thumbnails/gaming_monitors.png,upstream-only,移植上游,吸收上游文件/资源。
public/room3d/thumbnails/gaming_mouse.png,upstream-only,移植上游,吸收上游文件/资源。
public/room3d/thumbnails/gaming_notepad.png,upstream-only,移植上游,吸收上游文件/资源。
public/room3d/thumbnails/gaming_organizer.png,upstream-only,移植上游,吸收上游文件/资源。
public/room3d/thumbnails/gaming_pc.png,upstream-only,移植上游,吸收上游文件/资源。
public/room3d/thumbnails/gaming_phone_stand.png,upstream-only,移植上游,吸收上游文件/资源。
public/room3d/thumbnails/gaming_racing.png,upstream-only,移植上游,吸收上游文件/资源。
public/room3d/thumbnails/gaming_speaker.png,upstream-only,移植上游,吸收上游文件/资源。
public/room3d/thumbnails/gaming_webcam.png,upstream-only,移植上游,吸收上游文件/资源。
public/room3d/thumbnails/high_shelf.png,upstream-only,移植上游,吸收上游文件/资源。
public/room3d/thumbnails/jelly_lamp.png,upstream-only,移植上游,吸收上游文件/资源。
public/room3d/thumbnails/kitchen_appliance_shelf.png,upstream-only,移植上游,吸收上游文件/资源。
public/room3d/thumbnails/kitchen_bin.png,upstream-only,移植上游,吸收上游文件/资源。
public/room3d/thumbnails/kitchen_cart.png,upstream-only,移植上游,吸收上游文件/资源。
public/room3d/thumbnails/kitchen_cat_jar.png,upstream-only,移植上游,吸收上游文件/资源。
public/room3d/thumbnails/kitchen_fridge.png,upstream-only,移植上游,吸收上游文件/资源。
public/room3d/thumbnails/kitchen_fruit_bowl.png,upstream-only,移植上游,吸收上游文件/资源。
public/room3d/thumbnails/kitchen_island.png,upstream-only,移植上游,吸收上游文件/资源。
public/room3d/thumbnails/kitchen_range.png,upstream-only,移植上游,吸收上游文件/资源。
public/room3d/thumbnails/kitchen_ref_breakfast.png,upstream-only,移植上游,吸收上游文件/资源。
public/room3d/thumbnails/kitchen_ref_hood.png,upstream-only,移植上游,吸收上游文件/资源。
public/room3d/thumbnails/kitchen_ref_mat.png,upstream-only,移植上游,吸收上游文件/资源。
public/room3d/thumbnails/kitchen_ref_prep.png,upstream-only,移植上游,吸收上游文件/资源。
public/room3d/thumbnails/kitchen_ref_rack.png,upstream-only,移植上游,吸收上游文件/资源。
public/room3d/thumbnails/kitchen_ref_runner.png,upstream-only,移植上游,吸收上游文件/资源。
public/room3d/thumbnails/kitchen_ref_shelves.png,upstream-only,移植上游,吸收上游文件/资源。
public/room3d/thumbnails/kitchen_ref_trolley.png,upstream-only,移植上游,吸收上游文件/资源。
public/room3d/thumbnails/kitchen_ref_window.png,upstream-only,移植上游,吸收上游文件/资源。
public/room3d/thumbnails/kitchen_sink.png,upstream-only,移植上游,吸收上游文件/资源。
public/room3d/thumbnails/kitchen_spice_shelf.png,upstream-only,移植上游,吸收上游文件/资源。
public/room3d/thumbnails/kitchenware_board.png,upstream-only,移植上游,吸收上游文件/资源。
public/room3d/thumbnails/kitchenware_coffee.png,upstream-only,移植上游,吸收上游文件/资源。
public/room3d/thumbnails/kitchenware_plates.png,upstream-only,移植上游,吸收上游文件/资源。
public/room3d/thumbnails/kitchenware_pot.png,upstream-only,移植上游,吸收上游文件/资源。
public/room3d/thumbnails/kitchenware_rail.png,upstream-only,移植上游,吸收上游文件/资源。
public/room3d/thumbnails/kitchenware_settings.png,upstream-only,移植上游,吸收上游文件/资源。
public/room3d/thumbnails/kitchenware_spices.png,upstream-only,移植上游,吸收上游文件/资源。
public/room3d/thumbnails/kitchenware_tools.png,upstream-only,移植上游,吸收上游文件/资源。
public/room3d/thumbnails/left_gallery.png,upstream-only,移植上游,吸收上游文件/资源。
public/room3d/thumbnails/left_shelf.png,upstream-only,移植上游,吸收上游文件/资源。
public/room3d/thumbnails/little_console.png,upstream-only,移植上游,吸收上游文件/资源。
public/room3d/thumbnails/little_controller.png,upstream-only,移植上游,吸收上游文件/资源。
public/room3d/thumbnails/living_ref_bookcase.png,upstream-only,移植上游,吸收上游文件/资源。
public/room3d/thumbnails/living_ref_bookcase_top.png,upstream-only,移植上游,吸收上游文件/资源。
public/room3d/thumbnails/living_ref_books.png,upstream-only,移植上游,吸收上游文件/资源。
public/room3d/thumbnails/living_ref_cat_tree.png,upstream-only,移植上游,吸收上游文件/资源。
public/room3d/thumbnails/living_ref_clock.png,upstream-only,移植上游,吸收上游文件/资源。
public/room3d/thumbnails/living_ref_console.png,upstream-only,移植上游,吸收上游文件/资源。
public/room3d/thumbnails/living_ref_console_plant.png,upstream-only,移植上游,吸收上游文件/资源。
public/room3d/thumbnails/living_ref_record_cabinet.png,upstream-only,移植上游,吸收上游文件/资源。
public/room3d/thumbnails/living_ref_rug.png,upstream-only,移植上游,吸收上游文件/资源。
public/room3d/thumbnails/living_ref_sofa.png,upstream-only,移植上游,吸收上游文件/资源。
public/room3d/thumbnails/living_ref_tea_tray.png,upstream-only,移植上游,吸收上游文件/资源。
public/room3d/thumbnails/living_ref_television.png,upstream-only,移植上游,吸收上游文件/资源。
public/room3d/thumbnails/living_ref_tree.png,upstream-only,移植上游,吸收上游文件/资源。
public/room3d/thumbnails/living_ref_wall_shelf.png,upstream-only,移植上游,吸收上游文件/资源。
public/room3d/thumbnails/living_ref_window.png,upstream-only,移植上游,吸收上游文件/资源。
public/room3d/thumbnails/loft.png,upstream-only,移植上游,吸收上游文件/资源。
public/room3d/thumbnails/media_cabinet.png,upstream-only,移植上游,吸收上游文件/资源。
public/room3d/thumbnails/monstera.png,upstream-only,移植上游,吸收上游文件/资源。
public/room3d/thumbnails/nightstand.png,upstream-only,移植上游,吸收上游文件/资源。
public/room3d/thumbnails/open_book.png,upstream-only,移植上游,吸收上游文件/资源。
public/room3d/thumbnails/pendant.png,upstream-only,移植上游,吸收上游文件/资源。
public/room3d/thumbnails/pet_bird.png,upstream-only,移植上游,吸收上游文件/资源。
public/room3d/thumbnails/pet_bowls.png,upstream-only,移植上游,吸收上游文件/资源。
public/room3d/thumbnails/pet_cat.png,upstream-only,移植上游,吸收上游文件/资源。
public/room3d/thumbnails/pet_dog.png,upstream-only,移植上游,吸收上游文件/资源。
public/room3d/thumbnails/pet_rest_mat.png,upstream-only,移植上游,吸收上游文件/资源。
public/room3d/thumbnails/pet_shark.png,upstream-only,移植上游,吸收上游文件/资源。
public/room3d/thumbnails/pet_slime.png,upstream-only,移植上游,吸收上游文件/资源。
public/room3d/thumbnails/pet_snake.png,upstream-only,移植上游,吸收上游文件/资源。
public/room3d/thumbnails/pet_toy_ball.png,upstream-only,移植上游,吸收上游文件/资源。
public/room3d/thumbnails/pet_turtle.png,upstream-only,移植上游,吸收上游文件/资源。
public/room3d/thumbnails/petal_armchair.png,upstream-only,移植上游,吸收上游文件/资源。
public/room3d/thumbnails/petal_sofa.png,upstream-only,移植上游,吸收上游文件/资源。
public/room3d/thumbnails/plant.png,upstream-only,移植上游,吸收上游文件/资源。
public/room3d/thumbnails/porthole.png,upstream-only,移植上游,吸收上游文件/资源。
public/room3d/thumbnails/pouf.png,upstream-only,移植上游,吸收上游文件/资源。
public/room3d/thumbnails/rug.png,upstream-only,移植上游,吸收上游文件/资源。
public/room3d/thumbnails/show_bed.png,upstream-only,移植上游,吸收上游文件/资源。
public/room3d/thumbnails/show_bedroom_bench.png,upstream-only,移植上游,吸收上游文件/资源。
public/room3d/thumbnails/show_bedroom_dresser.png,upstream-only,移植上游,吸收上游文件/资源。
public/room3d/thumbnails/show_bedroom_low_shelf.png,upstream-only,移植上游,吸收上游文件/资源。
public/room3d/thumbnails/show_bedroom_pouf.png,upstream-only,移植上游,吸收上游文件/资源。
public/room3d/thumbnails/show_cat_tree.png,upstream-only,移植上游,吸收上游文件/资源。
public/room3d/thumbnails/show_kitchen_bench.png,upstream-only,移植上游,吸收上游文件/资源。
public/room3d/thumbnails/show_kitchen_counter.png,upstream-only,移植上游,吸收上游文件/资源。
public/room3d/thumbnails/show_kitchen_island.png,upstream-only,移植上游,吸收上游文件/资源。
public/room3d/thumbnails/show_kitchen_range.png,upstream-only,移植上游,吸收上游文件/资源。
public/room3d/thumbnails/show_living_console.png,upstream-only,移植上游,吸收上游文件/资源。
public/room3d/thumbnails/show_living_pouf.png,upstream-only,移植上游,吸收上游文件/资源。
public/room3d/thumbnails/show_living_sofa.png,upstream-only,移植上游,吸收上游文件/资源。
public/room3d/thumbnails/show_living_table.png,upstream-only,移植上游,吸收上游文件/资源。
public/room3d/thumbnails/show_spa_bucket.png,upstream-only,移植上游,吸收上游文件/资源。
public/room3d/thumbnails/show_spa_chest.png,upstream-only,移植上游,吸收上游文件/资源。
public/room3d/thumbnails/show_spa_lantern.png,upstream-only,移植上游,吸收上游文件/资源。
public/room3d/thumbnails/show_spa_pool.png,upstream-only,移植上游,吸收上游文件/资源。
public/room3d/thumbnails/show_spa_stool.png,upstream-only,移植上游,吸收上游文件/资源。
public/room3d/thumbnails/show_study_desk.png,upstream-only,移植上游,吸收上游文件/资源。
public/room3d/thumbnails/show_study_pouf.png,upstream-only,移植上游,吸收上游文件/资源。
public/room3d/thumbnails/show_study_shelf.png,upstream-only,移植上游,吸收上游文件/资源。
public/room3d/thumbnails/show_study_tea_table.png,upstream-only,移植上游,吸收上游文件/资源。
public/room3d/thumbnails/show_study_tower.png,upstream-only,移植上游,吸收上游文件/资源。
public/room3d/thumbnails/show_wardrobe.png,upstream-only,移植上游,吸收上游文件/资源。
public/room3d/thumbnails/small_plant.png,upstream-only,移植上游,吸收上游文件/资源。
public/room3d/thumbnails/small_television.png,upstream-only,移植上游,吸收上游文件/资源。
public/room3d/thumbnails/sofa.png,upstream-only,移植上游,吸收上游文件/资源。
public/room3d/thumbnails/study_ref_cabinet_plants.png,upstream-only,移植上游,吸收上游文件/资源。
public/room3d/thumbnails/study_ref_cart.png,upstream-only,移植上游,吸收上游文件/资源。
public/room3d/thumbnails/study_ref_entry_mat.png,upstream-only,移植上游,吸收上游文件/资源。
public/room3d/thumbnails/study_ref_floor_light.png,upstream-only,移植上游,吸收上游文件/资源。
public/room3d/thumbnails/study_ref_headphone_board.png,upstream-only,移植上游,吸收上游文件/资源。
public/room3d/thumbnails/study_ref_memo.png,upstream-only,移植上游,吸收上游文件/资源。
public/room3d/thumbnails/study_ref_printer_set.png,upstream-only,移植上游,吸收上游文件/资源。
public/room3d/thumbnails/study_ref_rug.png,upstream-only,移植上游,吸收上游文件/资源。
public/room3d/thumbnails/study_ref_task_lamp.png,upstream-only,移植上游,吸收上游文件/资源。
public/room3d/thumbnails/study_ref_wall_shelves.png,upstream-only,移植上游,吸收上游文件/资源。
public/room3d/thumbnails/study_ref_window.png,upstream-only,移植上游,吸收上游文件/资源。
public/room3d/thumbnails/suite_art_abstract.png,upstream-only,移植上游,吸收上游文件/资源。
public/room3d/thumbnails/suite_art_botanical.png,upstream-only,移植上游,吸收上游文件/资源。
public/room3d/thumbnails/suite_art_moon.png,upstream-only,移植上游,吸收上游文件/资源。
public/room3d/thumbnails/suite_books_plant.png,upstream-only,移植上游,吸收上游文件/资源。
public/room3d/thumbnails/suite_dressing_mirror.png,upstream-only,移植上游,吸收上游文件/资源。
public/room3d/thumbnails/suite_floor_mirror.png,upstream-only,移植上游,吸收上游文件/资源。
public/room3d/thumbnails/suite_plant_large.png,upstream-only,移植上游,吸收上游文件/资源。
public/room3d/thumbnails/suite_plant_small.png,upstream-only,移植上游,吸收上游文件/资源。
public/room3d/thumbnails/suite_rug_border.png,upstream-only,移植上游,吸收上游文件/资源。
public/room3d/thumbnails/suite_rug_grid.png,upstream-only,移植上游,吸收上游文件/资源。
public/room3d/thumbnails/suite_tea_tray.png,upstream-only,移植上游,吸收上游文件/资源。
public/room3d/thumbnails/suite_wall_shelf.png,upstream-only,移植上游,吸收上游文件/资源。
public/room3d/thumbnails/suite_window_bedroom.png,upstream-only,移植上游,吸收上游文件/资源。
public/room3d/thumbnails/suite_window_kitchen.png,upstream-only,移植上游,吸收上游文件/资源。
public/room3d/thumbnails/suite_window_living.png,upstream-only,移植上游,吸收上游文件/资源。
public/room3d/thumbnails/suite_window_spa.png,upstream-only,移植上游,吸收上游文件/资源。
public/room3d/thumbnails/suite_window_study.png,upstream-only,移植上游,吸收上游文件/资源。
public/room3d/thumbnails/table.png,upstream-only,移植上游,吸收上游文件/资源。
public/room3d/thumbnails/tank.png,upstream-only,移植上游,吸收上游文件/资源。
public/room3d/thumbnails/tea_mug.png,upstream-only,移植上游,吸收上游文件/资源。
public/room3d/thumbnails/trailing_plant.png,upstream-only,移植上游,吸收上游文件/资源。
public/room3d/thumbnails/wall_fence.png,upstream-only,移植上游,吸收上游文件/资源。
public/room3d/thumbnails/wall_high.png,upstream-only,移植上游,吸收上游文件/资源。
public/room3d/thumbnails/wall_low.png,upstream-only,移植上游,吸收上游文件/资源。
public/room3d/thumbnails/wall_plant.png,upstream-only,移植上游,吸收上游文件/资源。
public/room3d/thumbnails/wooden_window.png,upstream-only,移植上游,吸收上游文件/资源。
public/room3d/thumbnails/worktable.png,upstream-only,移植上游,吸收上游文件/资源。
public/room3d/wardrobe/animal-accessories.glb,upstream-only,移植上游,吸收上游文件/资源。
public/room3d/wardrobe/basic-tee-rig.glb,upstream-only,移植上游,吸收上游文件/资源。
public/room3d/wardrobe/belt-coat-only.glb,upstream-only,移植上游,吸收上游文件/资源。
public/room3d/wardrobe/belt-coat-rig.glb,upstream-only,移植上游,吸收上游文件/资源。
public/room3d/wardrobe/boots-rig.glb,upstream-only,移植上游,吸收上游文件/资源。
public/room3d/wardrobe/bow-headband-rig.glb,upstream-only,移植上游,吸收上游文件/资源。
public/room3d/wardrobe/bow-tie-rig.glb,upstream-only,移植上游,吸收上游文件/资源。
public/room3d/wardrobe/buckle-shoes-rig.glb,upstream-only,移植上游,吸收上游文件/资源。
public/room3d/wardrobe/cardigan-rig-detail.glb,upstream-only,移植上游,吸收上游文件/资源。
public/room3d/wardrobe/cargo-rig.glb,upstream-only,移植上游,吸收上游文件/资源。
public/room3d/wardrobe/collar-shirt-rig.glb,upstream-only,移植上游,吸收上游文件/资源。
public/room3d/wardrobe/cropped-rig.glb,upstream-only,移植上游,吸收上游文件/资源。
public/room3d/wardrobe/fitted-camisole-rig.glb,upstream-only,移植上游,吸收上游文件/资源。
public/room3d/wardrobe/fitted-sweater-rig.glb,upstream-only,移植上游,吸收上游文件/资源。
public/room3d/wardrobe/fitted-turtleneck-rig.glb,upstream-only,移植上游,吸收上游文件/资源。
public/room3d/wardrobe/geta-rig.glb,upstream-only,移植上游,吸收上游文件/资源。
public/room3d/wardrobe/hood-parka-rig.glb,upstream-only,移植上游,吸收上游文件/资源。
public/room3d/wardrobe/lace-midboots-rig.glb,upstream-only,移植上游,吸收上游文件/资源。
public/room3d/wardrobe/long-skirt-rig.glb,upstream-only,移植上游,吸收上游文件/资源。
public/room3d/wardrobe/maid-sleeves-rig.glb,upstream-only,移植上游,吸收上游文件/资源。
public/room3d/wardrobe/meshy-ears.glb,upstream-only,移植上游,吸收上游文件/资源。
public/room3d/wardrobe/necktie-rig.glb,upstream-only,移植上游,吸收上游文件/资源。
public/room3d/wardrobe/original-outfit.glb,upstream-only,移植上游,吸收上游文件/资源。
public/room3d/wardrobe/qipao-rig.glb,upstream-only,移植上游,吸收上游文件/资源。
public/room3d/wardrobe/ruffle-apron-rig.glb,upstream-only,移植上游,吸收上游文件/资源。
public/room3d/wardrobe/sailor-girl.glb,upstream-only,移植上游,吸收上游文件/资源。
public/room3d/wardrobe/sailor-school-user.glb,upstream-only,移植上游,吸收上游文件/资源。
public/room3d/wardrobe/school-blazer-rig.glb,upstream-only,移植上游,吸收上游文件/资源。
public/room3d/wardrobe/school-swimsuit-rig.glb,upstream-only,移植上游,吸收上游文件/资源。
public/room3d/wardrobe/shorts-rig.glb,upstream-only,移植上游,吸收上游文件/资源。
public/room3d/wardrobe/sneakers-rig.glb,upstream-only,移植上游,吸收上游文件/资源。
public/room3d/wardrobe/stand-collar-rig.glb,upstream-only,移植上游,吸收上游文件/资源。
public/room3d/wardrobe/straight-rig.glb,upstream-only,移植上游,吸收上游文件/资源。
public/room3d/wardrobe/swim-shorts-rig.glb,upstream-only,移植上游,吸收上游文件/资源。
public/room3d/wardrobe/tall-boots-rig.glb,upstream-only,移植上游,吸收上游文件/资源。
public/room3d/wardrobe/thumbnails/basic-tee.png,upstream-only,移植上游,吸收上游文件/资源。
public/room3d/wardrobe/thumbnails/belt-coat.png,upstream-only,移植上游,吸收上游文件/资源。
public/room3d/wardrobe/thumbnails/bow-headband.png,upstream-only,移植上游,吸收上游文件/资源。
public/room3d/wardrobe/thumbnails/bow-tie.png,upstream-only,移植上游,吸收上游文件/资源。
public/room3d/wardrobe/thumbnails/buckle-shoes.png,upstream-only,移植上游,吸收上游文件/资源。
public/room3d/wardrobe/thumbnails/cat-ears.png,upstream-only,移植上游,吸收上游文件/资源。
public/room3d/wardrobe/thumbnails/cat-tail.png,upstream-only,移植上游,吸收上游文件/资源。
public/room3d/wardrobe/thumbnails/collar-shirt.png,upstream-only,移植上游,吸收上游文件/资源。
public/room3d/wardrobe/thumbnails/dog-ears.png,upstream-only,移植上游,吸收上游文件/资源。
public/room3d/wardrobe/thumbnails/dog-tail.png,upstream-only,移植上游,吸收上游文件/资源。
public/room3d/wardrobe/thumbnails/fitted-camisole.png,upstream-only,移植上游,吸收上游文件/资源。
public/room3d/wardrobe/thumbnails/fitted-sweater.png,upstream-only,移植上游,吸收上游文件/资源。
public/room3d/wardrobe/thumbnails/fitted-turtleneck.png,upstream-only,移植上游,吸收上游文件/资源。
public/room3d/wardrobe/thumbnails/fox-ears.png,upstream-only,移植上游,吸收上游文件/资源。
public/room3d/wardrobe/thumbnails/fox-tail.png,upstream-only,移植上游,吸收上游文件/资源。
public/room3d/wardrobe/thumbnails/hood-parka.png,upstream-only,移植上游,吸收上游文件/资源。
public/room3d/wardrobe/thumbnails/lace-midboots.png,upstream-only,移植上游,吸收上游文件/资源。
public/room3d/wardrobe/thumbnails/lower-cargo.png,upstream-only,移植上游,吸收上游文件/资源。
public/room3d/wardrobe/thumbnails/lower-cropped.png,upstream-only,移植上游,吸收上游文件/资源。
public/room3d/wardrobe/thumbnails/lower-long-skirt.png,upstream-only,移植上游,吸收上游文件/资源。
public/room3d/wardrobe/thumbnails/lower-shorts.png,upstream-only,移植上游,吸收上游文件/资源。
public/room3d/wardrobe/thumbnails/lower-straight.png,upstream-only,移植上游,吸收上游文件/资源。
public/room3d/wardrobe/thumbnails/maid-sleeves.png,upstream-only,移植上游,吸收上游文件/资源。
public/room3d/wardrobe/thumbnails/necktie.png,upstream-only,移植上游,吸收上游文件/资源。
public/room3d/wardrobe/thumbnails/original-hoodie.png,upstream-only,移植上游,吸收上游文件/资源。
public/room3d/wardrobe/thumbnails/original-shoes.png,upstream-only,移植上游,吸收上游文件/资源。
public/room3d/wardrobe/thumbnails/original-socks.png,upstream-only,移植上游,吸收上游文件/资源。
public/room3d/wardrobe/thumbnails/qipao.png,upstream-only,移植上游,吸收上游文件/资源。
public/room3d/wardrobe/thumbnails/rabbit-ears.png,upstream-only,移植上游,吸收上游文件/资源。
public/room3d/wardrobe/thumbnails/rabbit-tail.png,upstream-only,移植上游,吸收上游文件/资源。
public/room3d/wardrobe/thumbnails/ruffle-apron.png,upstream-only,移植上游,吸收上游文件/资源。
public/room3d/wardrobe/thumbnails/sailor-long.png,upstream-only,移植上游,吸收上游文件/资源。
public/room3d/wardrobe/thumbnails/sailor-short.png,upstream-only,移植上游,吸收上游文件/资源。
public/room3d/wardrobe/thumbnails/sailor-shorts.png,upstream-only,移植上游,吸收上游文件/资源。
public/room3d/wardrobe/thumbnails/sailor-skirt.png,upstream-only,移植上游,吸收上游文件/资源。
public/room3d/wardrobe/thumbnails/school-blazer.png,upstream-only,移植上游,吸收上游文件/资源。
public/room3d/wardrobe/thumbnails/school-loafers.png,upstream-only,移植上游,吸收上游文件/资源。
public/room3d/wardrobe/thumbnails/school-socks.png,upstream-only,移植上游,吸收上游文件/资源。
public/room3d/wardrobe/thumbnails/school-swimsuit.png,upstream-only,移植上游,吸收上游文件/资源。
public/room3d/wardrobe/thumbnails/shoe-boots.png,upstream-only,移植上游,吸收上游文件/资源。
public/room3d/wardrobe/thumbnails/shoe-geta.png,upstream-only,移植上游,吸收上游文件/资源。
public/room3d/wardrobe/thumbnails/shoe-sneakers.png,upstream-only,移植上游,吸收上游文件/资源。
public/room3d/wardrobe/thumbnails/slouch-cardigan.png,upstream-only,移植上游,吸收上游文件/资源。
public/room3d/wardrobe/thumbnails/stand-collar.png,upstream-only,移植上游,吸收上游文件/资源。
public/room3d/wardrobe/thumbnails/swim-shorts.png,upstream-only,移植上游,吸收上游文件/资源。
public/room3d/wardrobe/thumbnails/tall-boots.png,upstream-only,移植上游,吸收上游文件/资源。
public/room3d/wooden_window.glb,upstream-only,移植上游,吸收上游文件/资源。
public/sar-portraits/Aiven/happy.webp,upstream-only,移植上游,吸收上游文件/资源。
public/sar-portraits/Aiven/interested.webp,upstream-only,移植上游,吸收上游文件/资源。
public/sar-portraits/Aiven/normal.webp,upstream-only,移植上游,吸收上游文件/资源。
public/sar-portraits/Aiven/sad.webp,upstream-only,移植上游,吸收上游文件/资源。
public/sar-portraits/Aiven/shy.webp,upstream-only,移植上游,吸收上游文件/资源。
public/sar-portraits/Aiven/sleeping.webp,upstream-only,移植上游,吸收上游文件/资源。
public/sar-portraits/Caian/Enduring Pain.webp,upstream-only,移植上游,吸收上游文件/资源。
public/sar-portraits/Caian/aboutaster.webp,upstream-only,移植上游,吸收上游文件/资源。
public/sar-portraits/Caian/avoidant.webp,upstream-only,移植上游,吸收上游文件/资源。
public/sar-portraits/Caian/curious.webp,upstream-only,移植上游,吸收上游文件/资源。
public/sar-portraits/Caian/embarrassed.webp,upstream-only,移植上游,吸收上游文件/资源。
public/sar-portraits/Caian/happy.webp,upstream-only,移植上游,吸收上游文件/资源。
public/sar-portraits/Caian/normal.webp,upstream-only,移植上游,吸收上游文件/资源。
public/sar-portraits/Caian/normal2.webp,upstream-only,移植上游,吸收上游文件/资源。
public/sar-portraits/Caian/serious.webp,upstream-only,移植上游,吸收上游文件/资源。
public/sar-portraits/Caian/shy.webp,upstream-only,移植上游,吸收上游文件/资源。
public/sar-portraits/Caian/warm.webp,upstream-only,移植上游,吸收上游文件/资源。
public/sar-portraits/manifest.json,upstream-only,移植上游,吸收上游文件/资源。
public/startup-recovery.js,upstream-only,移植上游,吸收上游文件/资源。
public/sullyos-update.json,upstream-only,移植上游,吸收上游文件/资源。
public/sw-keep-alive.js,shared-change,按融合源码重新生成,提交实际构建的 bundle，不选用任一方旧产物。
public/themes/sully/icon-appearance.webp,upstream-only,移植上游,吸收上游文件/资源。
public/themes/sully/icon-bank.webp,upstream-only,移植上游,吸收上游文件/资源。
public/themes/sully/icon-call.webp,upstream-only,移植上游,吸收上游文件/资源。
public/themes/sully/icon-character.webp,upstream-only,移植上游,吸收上游文件/资源。
public/themes/sully/icon-chat.webp,upstream-only,移植上游,吸收上游文件/资源。
public/themes/sully/icon-check_phone.webp,upstream-only,移植上游,吸收上游文件/资源。
public/themes/sully/icon-date.webp,upstream-only,移植上游,吸收上游文件/资源。
public/themes/sully/icon-faq.webp,upstream-only,移植上游,吸收上游文件/资源。
public/themes/sully/icon-gallery.webp,upstream-only,移植上游,吸收上游文件/资源。
public/themes/sully/icon-game.webp,upstream-only,移植上游,吸收上游文件/资源。
public/themes/sully/icon-group_chat.webp,upstream-only,移植上游,吸收上游文件/资源。
public/themes/sully/icon-guidebook.webp,upstream-only,移植上游,吸收上游文件/资源。
public/themes/sully/icon-handbook.webp,upstream-only,移植上游,吸收上游文件/资源。
public/themes/sully/icon-hot_news.webp,upstream-only,移植上游,吸收上游文件/资源。
public/themes/sully/icon-journal.webp,upstream-only,移植上游,吸收上游文件/资源。
public/themes/sully/icon-lifesim.webp,upstream-only,移植上游,吸收上游文件/资源。
public/themes/sully/icon-memory_palace.webp,upstream-only,移植上游,吸收上游文件/资源。
public/themes/sully/icon-music.webp,upstream-only,移植上游,吸收上游文件/资源。
public/themes/sully/icon-novel.webp,upstream-only,移植上游,吸收上游文件/资源。
public/themes/sully/icon-room.webp,upstream-only,移植上游,吸收上游文件/资源。
public/themes/sully/icon-schedule.webp,upstream-only,移植上游,吸收上游文件/资源。
public/themes/sully/icon-settings.webp,upstream-only,移植上游,吸收上游文件/资源。
public/themes/sully/icon-social.webp,upstream-only,移植上游,吸收上游文件/资源。
public/themes/sully/icon-songwriting.webp,upstream-only,移植上游,吸收上游文件/资源。
public/themes/sully/icon-special_moments.webp,upstream-only,移植上游,吸收上游文件/资源。
public/themes/sully/icon-study.webp,upstream-only,移植上游,吸收上游文件/资源。
public/themes/sully/icon-thememaker.webp,upstream-only,移植上游,吸收上游文件/资源。
public/themes/sully/icon-user.webp,upstream-only,移植上游,吸收上游文件/资源。
public/themes/sully/icon-vrworld.png,upstream-only,移植上游,吸收上游文件/资源。
public/themes/sully/icon-vrworld.webp,upstream-only,移植上游,吸收上游文件/资源。
public/themes/sully/icon-worldbook.webp,upstream-only,移植上游,吸收上游文件/资源。
public/themes/sully/icon-xhs_free_roam.webp,upstream-only,移植上游,吸收上游文件/资源。
public/themes/sully/icon-xhs_stock.webp,upstream-only,移植上游,吸收上游文件/资源。
public/themes/sully/wallpaper.webp,upstream-only,移植上游,吸收上游文件/资源。
public/themes/sully/widget-dsq.webp,upstream-only,移植上游,吸收上游文件/资源。
public/vendor/README.md,upstream-only,移植上游,吸收上游文件/资源。
public/vendor/tailwind-3.4.17.LICENSE.txt,upstream-only,移植上游,吸收上游文件/资源。
public/vendor/tailwind-3.4.17.js,upstream-only,移植上游,吸收上游文件/资源。
scripts/androidLive2DDirectory.wiring.test.ts,fork-only,保留二改,保留二改路径；相关调用按融合后的接口调整。
scripts/androidNativePush.wiring.test.ts,fork-only,保留二改,保留二改路径；相关调用按融合后的接口调整。
scripts/androidStoryStatus.wiring.test.ts,fork-only,保留二改,保留二改路径；相关调用按融合后的接口调整。
scripts/audit-online-bundle.test.ts,already-identical,双方已有，无需重复,双方文件已一致。
scripts/build-chat-preview-css.mjs,upstream-only,移植上游,吸收上游文件/资源。
scripts/build-workers.mjs,upstream-only,手工融合完成,显式保留 Instant Push 双平台输出，并融合上游统一打包选项。
scripts/chat-preview.input.css,upstream-only,移植上游,吸收上游文件/资源。
scripts/chat-preview.tailwind.cjs,upstream-only,移植上游,吸收上游文件/资源。
scripts/chat-stop-qa-server.mjs,upstream-only,移植上游,吸收上游文件/资源。
scripts/check-lockfile-links.mjs,upstream-only,移植上游,吸收上游文件/资源。
scripts/check-lockfile-links.test.ts,upstream-only,移植上游,保留上游实现；移除业务埋点，必要时适配二改接口。
scripts/configure-android-release.mjs,fork-only,保留二改,保留二改路径；相关调用按融合后的接口调整。
scripts/deploy-existing-amsg.mjs,fork-only,保留二改,保留二改路径；相关调用按融合后的接口调整。
scripts/fake-slow-llm.ts,upstream-only,移植上游,保留上游实现；移除业务埋点，必要时适配二改接口。
scripts/install-android-amsg-poll.mjs,fork-only,保留二改,保留二改路径；相关调用按融合后的接口调整。
scripts/install-android-app-updater.mjs,fork-only,保留二改,保留二改路径；相关调用按融合后的接口调整。
scripts/install-android-gallery-plugin.mjs,fork-only,保留二改,保留二改路径；相关调用按融合后的接口调整。
scripts/install-android-game-hall-plugin.mjs,fork-only,保留二改,保留二改路径；相关调用按融合后的接口调整。
scripts/install-android-live2d-directory-plugin.mjs,fork-only,保留二改,保留二改路径；相关调用按融合后的接口调整。
scripts/install-android-story-background.mjs,fork-only,保留二改,保留二改路径；相关调用按融合后的接口调整。
scripts/install-android-unified-push.mjs,fork-only,保留二改,保留二改路径；相关调用按融合后的接口调整。
scripts/prepare-beauty-admin-reset.mjs,upstream-only,移植上游,吸收上游文件/资源。
scripts/prepare-sar-portraits.mjs,upstream-only,移植上游,吸收上游文件/资源。
scripts/startup-recovery-plugin.ts,upstream-only,移植上游,保留上游实现；移除业务埋点，必要时适配二改接口。
scripts/startup-recovery.test.ts,upstream-only,移植上游,保留上游实现；移除业务埋点，必要时适配二改接口。
scripts/static-cache-build.test.ts,upstream-only,移植上游,保留上游实现；移除业务埋点，必要时适配二改接口。
scripts/static-cache-build.ts,upstream-only,移植上游,保留上游实现；移除业务埋点，必要时适配二改接口。
scripts/storyBackgroundStatusNotification.wiring.test.ts,fork-only,保留二改,保留二改路径；相关调用按融合后的接口调整。
scripts/sync-native-app-name.mjs,upstream-only,移植上游,吸收上游文件/资源。
scripts/sync-tiao-capacitor.ps1,upstream-only,移植上游,吸收上游文件/资源。
scripts/tailwind-runtime.test.ts,upstream-only,移植上游,保留上游实现；移除业务埋点，必要时适配二改接口。
scripts/test-aiven-chimera-model.mjs,upstream-only,移植上游,吸收上游文件/资源。
scripts/test-app-display-name.mjs,upstream-only,移植上游,吸收上游文件/资源。
scripts/test-app-icon-choice.mjs,upstream-only,移植上游,吸收上游文件/资源。
scripts/test-appearance-rescue.mjs,upstream-only,移植上游,吸收上游文件/资源。
scripts/test-beauty-share.mjs,upstream-only,移植上游,吸收上游文件/资源。
scripts/test-boot-jellyfish.mjs,upstream-only,移植上游,吸收上游文件/资源。
scripts/test-camera-lighting.cjs,upstream-only,移植上游,吸收上游文件/资源。
scripts/test-chat-camera.cjs,upstream-only,移植上游,吸收上游文件/资源。
scripts/test-chat-decoration-consolidation.mjs,upstream-only,移植上游,吸收上游文件/资源。
scripts/test-chat-decoration-presets.mjs,upstream-only,移植上游,吸收上游文件/资源。
scripts/test-chat-decoration.mjs,upstream-only,移植上游,吸收上游文件/资源。
scripts/test-chat-header-status.mjs,upstream-only,移植上游,吸收上游文件/资源。
scripts/test-chat-input-style.mjs,upstream-only,移植上游,吸收上游文件/资源。
scripts/test-chat-stream-handover.mjs,upstream-only,移植上游,吸收上游文件/资源。
scripts/test-desktop-preview.cjs,upstream-only,移植上游,吸收上游文件/资源。
scripts/test-fishing-ui.mjs,upstream-only,移植上游,吸收上游文件/资源。
scripts/test-group-chat-input.mjs,upstream-only,移植上游,吸收上游文件/资源。
scripts/test-kanata-ui.mjs,upstream-only,移植上游,吸收上游文件/资源。
scripts/test-market-ui.mjs,upstream-only,移植上游,吸收上游文件/资源。
scripts/test-png-share-ui.mjs,upstream-only,移植上游,吸收上游文件/资源。
scripts/test-repo-card.cjs,upstream-only,移植上游,吸收上游文件/资源。
scripts/test-sar-aiven-services.mjs,upstream-only,移植上游,吸收上游文件/资源。
scripts/test-sar-board-refresh.mjs,upstream-only,移植上游,吸收上游文件/资源。
scripts/test-sar-caian-artifacts.mjs,upstream-only,移植上游,吸收上游文件/资源。
scripts/test-sar-collection-names.mjs,upstream-only,移植上游,吸收上游文件/资源。
scripts/test-sar-collection-ui.mjs,upstream-only,移植上游,吸收上游文件/资源。
scripts/test-sar-commerce-ui.mjs,upstream-only,移植上游,吸收上游文件/资源。
scripts/test-sar-desktop-entry.mjs,upstream-only,移植上游,吸收上游文件/资源。
scripts/test-sar-dialogue-presentation.mjs,upstream-only,移植上游,吸收上游文件/资源。
scripts/test-sar-event-preview.mjs,upstream-only,移植上游,吸收上游文件/资源。
scripts/test-sar-exclusive-keepsakes.mjs,upstream-only,移植上游,吸收上游文件/资源。
scripts/test-sar-expression-review.mjs,upstream-only,移植上游,吸收上游文件/资源。
scripts/test-sar-facilities.mjs,upstream-only,移植上游,吸收上游文件/资源。
scripts/test-sar-familiarity-discounts-ui.mjs,upstream-only,移植上游,吸收上游文件/资源。
scripts/test-sar-familiarity-replay-ui.mjs,upstream-only,移植上游,吸收上游文件/资源。
scripts/test-sar-familiarity-root-smoke.mjs,upstream-only,移植上游,吸收上游文件/资源。
scripts/test-sar-familiarity-ui.mjs,upstream-only,移植上游,吸收上游文件/资源。
scripts/test-sar-feedback.mjs,upstream-only,移植上游,吸收上游文件/资源。
scripts/test-sar-fishing-sale.mjs,upstream-only,移植上游,吸收上游文件/资源。
scripts/test-sar-gacha-render.mjs,upstream-only,移植上游,吸收上游文件/资源。
scripts/test-sar-hub-ui.mjs,upstream-only,移植上游,吸收上游文件/资源。
scripts/test-sar-inspection-confetti.mjs,upstream-only,移植上游,吸收上游文件/资源。
scripts/test-sar-market-encounters.mjs,upstream-only,移植上游,吸收上游文件/资源。
scripts/test-sar-module-chat.mjs,upstream-only,移植上游,吸收上游文件/资源。
scripts/test-sar-module-presentation.mjs,upstream-only,移植上游,吸收上游文件/资源。
scripts/test-sar-npc-off.mjs,upstream-only,移植上游,吸收上游文件/资源。
scripts/test-sar-release-backup.mjs,upstream-only,移植上游,吸收上游文件/资源。
scripts/test-sar-release-ui.mjs,upstream-only,移植上游,吸收上游文件/资源。
scripts/test-sar-room-polish.mjs,upstream-only,移植上游,吸收上游文件/资源。
scripts/test-sar-roster-ui.mjs,upstream-only,移植上游,吸收上游文件/资源。
scripts/test-sar-safe-area.mjs,upstream-only,移植上游,吸收上游文件/资源。
scripts/test-sar-simulation-ui.mjs,upstream-only,移植上游,吸收上游文件/资源。
scripts/test-sar-update-notices.mjs,upstream-only,移植上游,吸收上游文件/资源。
scripts/test-sar-user-module.mjs,upstream-only,移植上游,吸收上游文件/资源。
scripts/test-sar-water-refresh.mjs,upstream-only,移植上游,吸收上游文件/资源。
scripts/test-story-edits.mjs,upstream-only,移植上游,吸收上游文件/资源。
scripts/test-vr-activities.mjs,upstream-only,移植上游,吸收上游文件/资源。
scripts/test-vr-library.mjs,upstream-only,移植上游,吸收上游文件/资源。
scripts/test-worldbook-cowork.mjs,upstream-only,移植上游,吸收上游文件/资源。
scripts/verify-upstream-merge.mjs,fork-only,保留二改,保留二改路径；相关调用按融合后的接口调整。
scripts/worker-bundle-options.d.mts,upstream-only,移植上游,吸收上游文件/资源。
scripts/worker-bundle-options.mjs,upstream-only,移植上游,吸收上游文件/资源。
server/story-egress-relay/README.md,fork-only,保留二改,保留二改路径；相关调用按融合后的接口调整。
server/story-egress-relay/nginx-location.conf.example,fork-only,保留二改,保留二改路径；相关调用按融合后的接口调整。
server/story-egress-relay/relay.mjs,fork-only,保留二改,保留二改路径；相关调用按融合后的接口调整。
server/story-egress-relay/sullyos-story-egress.service.example,fork-only,保留二改,保留二改路径；相关调用按融合后的接口调整。
services/gpt-image-mcp/.env.example,fork-only,保留二改,保留二改路径；相关调用按融合后的接口调整。
services/gpt-image-mcp/.gitignore,fork-only,保留二改,保留二改路径；相关调用按融合后的接口调整。
services/gpt-image-mcp/README.md,fork-only,保留二改,保留二改路径；相关调用按融合后的接口调整。
services/gpt-image-mcp/deploy/gpt-image-mcp.service,fork-only,保留二改,保留二改路径；相关调用按融合后的接口调整。
services/gpt-image-mcp/deploy/nginx-location.conf,fork-only,保留二改,保留二改路径；相关调用按融合后的接口调整。
services/gpt-image-mcp/package-lock.json,fork-only,保留二改,保留二改路径；相关调用按融合后的接口调整。
services/gpt-image-mcp/package.json,fork-only,保留二改,保留二改路径；相关调用按融合后的接口调整。
services/gpt-image-mcp/src/background-jobs.mjs,fork-only,保留二改,保留二改路径；相关调用按融合后的接口调整。
services/gpt-image-mcp/src/config.mjs,fork-only,保留二改,保留二改路径；相关调用按融合后的接口调整。
services/gpt-image-mcp/src/runtime-config.mjs,fork-only,保留二改,保留二改路径；相关调用按融合后的接口调整。
services/gpt-image-mcp/src/server.mjs,fork-only,保留二改,保留二改路径；相关调用按融合后的接口调整。
services/gpt-image-mcp/src/storage.mjs,fork-only,保留二改,保留二改路径；相关调用按融合后的接口调整。
services/gpt-image-mcp/src/tenant-auth.mjs,fork-only,保留二改,保留二改路径；相关调用按融合后的接口调整。
services/gpt-image-mcp/src/upstream.mjs,fork-only,保留二改,保留二改路径；相关调用按融合后的接口调整。
services/gpt-image-mcp/test/background-jobs.test.mjs,fork-only,保留二改,保留二改路径；相关调用按融合后的接口调整。
services/gpt-image-mcp/test/runtime-config.test.mjs,fork-only,保留二改,保留二改路径；相关调用按融合后的接口调整。
services/gpt-image-mcp/test/tenant-auth.test.mjs,fork-only,保留二改,保留二改路径；相关调用按融合后的接口调整。
services/gpt-image-mcp/test/tenant-isolation.test.mjs,fork-only,保留二改,保留二改路径；相关调用按融合后的接口调整。
services/gpt-image-mcp/test/upstream.test.mjs,fork-only,保留二改,保留二改路径；相关调用按融合后的接口调整。
services/novelai-image-mcp/.env.example,fork-only,保留二改,保留二改路径；相关调用按融合后的接口调整。
services/novelai-image-mcp/.gitignore,fork-only,保留二改,保留二改路径；相关调用按融合后的接口调整。
services/novelai-image-mcp/README.md,fork-only,保留二改,保留二改路径；相关调用按融合后的接口调整。
services/novelai-image-mcp/data/images/.gitkeep,fork-only,保留二改,保留二改路径；相关调用按融合后的接口调整。
services/novelai-image-mcp/deploy/nginx-location.conf,fork-only,保留二改,保留二改路径；相关调用按融合后的接口调整。
services/novelai-image-mcp/deploy/novelai-image-mcp.service,fork-only,保留二改,保留二改路径；相关调用按融合后的接口调整。
services/novelai-image-mcp/package-lock.json,fork-only,保留二改,保留二改路径；相关调用按融合后的接口调整。
services/novelai-image-mcp/package.json,fork-only,保留二改,保留二改路径；相关调用按融合后的接口调整。
services/novelai-image-mcp/src/background-jobs.mjs,fork-only,保留二改,保留二改路径；相关调用按融合后的接口调整。
services/novelai-image-mcp/src/config.mjs,fork-only,保留二改,保留二改路径；相关调用按融合后的接口调整。
services/novelai-image-mcp/src/precise-reference.mjs,fork-only,保留二改,保留二改路径；相关调用按融合后的接口调整。
services/novelai-image-mcp/src/profiles.mjs,fork-only,保留二改,保留二改路径；相关调用按融合后的接口调整。
services/novelai-image-mcp/src/reference-store.mjs,fork-only,保留二改,保留二改路径；相关调用按融合后的接口调整。
services/novelai-image-mcp/src/runtime-config.mjs,fork-only,保留二改,保留二改路径；相关调用按融合后的接口调整。
services/novelai-image-mcp/src/server.mjs,fork-only,保留二改,保留二改路径；相关调用按融合后的接口调整。
services/novelai-image-mcp/src/storage.mjs,fork-only,保留二改,保留二改路径；相关调用按融合后的接口调整。
services/novelai-image-mcp/src/tenant-auth.mjs,fork-only,保留二改,保留二改路径；相关调用按融合后的接口调整。
services/novelai-image-mcp/src/tool-arguments.mjs,fork-only,保留二改,保留二改路径；相关调用按融合后的接口调整。
services/novelai-image-mcp/src/upstream.mjs,fork-only,保留二改,保留二改路径；相关调用按融合后的接口调整。
services/novelai-image-mcp/src/vibe-transfer.mjs,fork-only,保留二改,保留二改路径；相关调用按融合后的接口调整。
services/novelai-image-mcp/test/background-jobs.test.mjs,fork-only,保留二改,保留二改路径；相关调用按融合后的接口调整。
services/novelai-image-mcp/test/precise-reference.test.mjs,fork-only,保留二改,保留二改路径；相关调用按融合后的接口调整。
services/novelai-image-mcp/test/profiles.test.mjs,fork-only,保留二改,保留二改路径；相关调用按融合后的接口调整。
services/novelai-image-mcp/test/reference-store.test.mjs,fork-only,保留二改,保留二改路径；相关调用按融合后的接口调整。
services/novelai-image-mcp/test/runtime-config.test.mjs,fork-only,保留二改,保留二改路径；相关调用按融合后的接口调整。
services/novelai-image-mcp/test/tenant-auth.test.mjs,fork-only,保留二改,保留二改路径；相关调用按融合后的接口调整。
services/novelai-image-mcp/test/tenant-isolation.test.mjs,fork-only,保留二改,保留二改路径；相关调用按融合后的接口调整。
services/novelai-image-mcp/test/tool-arguments.test.mjs,fork-only,保留二改,保留二改路径；相关调用按融合后的接口调整。
services/novelai-image-mcp/test/upstream.test.mjs,fork-only,保留二改,保留二改路径；相关调用按融合后的接口调整。
services/novelai-image-mcp/test/vibe-transfer.test.mjs,fork-only,保留二改,保留二改路径；相关调用按融合后的接口调整。
test-setup.ts,upstream-only,移植上游,保留上游实现；移除业务埋点，必要时适配二改接口。
test/fixtures/aiven-chimera.html,upstream-only,移植上游,吸收上游文件/资源。
test/fixtures/aiven-chimera.tsx,upstream-only,移植上游,保留上游实现；移除业务埋点，必要时适配二改接口。
test/fixtures/app-icon-choice.html,upstream-only,移植上游,吸收上游文件/资源。
test/fixtures/app-icon-choice.tsx,upstream-only,移植上游,保留上游实现；移除业务埋点，必要时适配二改接口。
test/fixtures/appearance-rescue.html,upstream-only,移植上游,吸收上游文件/资源。
test/fixtures/appearance-rescue.tsx,upstream-only,移植上游,保留上游实现；移除业务埋点，必要时适配二改接口。
test/fixtures/bathroom-assets-gallery.html,upstream-only,移植上游,吸收上游文件/资源。
test/fixtures/bathroom-layout.js,upstream-only,移植上游,吸收上游文件/资源。
test/fixtures/bathroom-source-gallery.html,upstream-only,移植上游,吸收上游文件/资源。
test/fixtures/bedroom-assets-gallery.html,upstream-only,移植上游,吸收上游文件/资源。
test/fixtures/bedroom-layout.js,upstream-only,移植上游,吸收上游文件/资源。
test/fixtures/bedroom-source-gallery.html,upstream-only,移植上游,吸收上游文件/资源。
test/fixtures/boot-choice.html,upstream-only,移植上游,吸收上游文件/资源。
test/fixtures/boot-choice.tsx,upstream-only,移植上游,保留上游实现；移除业务埋点，必要时适配二改接口。
test/fixtures/boot-jellyfish.html,upstream-only,移植上游,吸收上游文件/资源。
test/fixtures/boot-jellyfish.tsx,upstream-only,移植上游,保留上游实现；移除业务埋点，必要时适配二改接口。
test/fixtures/character-api.html,upstream-only,移植上游,吸收上游文件/资源。
test/fixtures/character-api.tsx,upstream-only,移植上游,保留上游实现；移除业务埋点，必要时适配二改接口。
test/fixtures/chat-camera.html,upstream-only,移植上游,吸收上游文件/资源。
test/fixtures/chat-camera.tsx,upstream-only,移植上游,保留上游实现；移除业务埋点，必要时适配二改接口。
test/fixtures/chat-decoration.html,upstream-only,移植上游,吸收上游文件/资源。
test/fixtures/chat-decoration.tsx,upstream-only,移植上游,保留上游实现；移除业务埋点，必要时适配二改接口。
test/fixtures/chat-header-status.html,upstream-only,移植上游,吸收上游文件/资源。
test/fixtures/chat-header-status.tsx,upstream-only,移植上游,保留上游实现；移除业务埋点，必要时适配二改接口。
test/fixtures/chat-input-style.html,upstream-only,移植上游,吸收上游文件/资源。
test/fixtures/chat-input-style.tsx,upstream-only,移植上游,保留上游实现；移除业务埋点，必要时适配二改接口。
test/fixtures/chat-secret-note.html,upstream-only,移植上游,吸收上游文件/资源。
test/fixtures/chat-secret-note.tsx,upstream-only,移植上游,保留上游实现；移除业务埋点，必要时适配二改接口。
test/fixtures/chat-stop.html,upstream-only,移植上游,吸收上游文件/资源。
test/fixtures/chat-stop.tsx,upstream-only,移植上游,保留上游实现；移除业务埋点，必要时适配二改接口。
test/fixtures/chat-stream-handover.html,upstream-only,移植上游,吸收上游文件/资源。
test/fixtures/chat-stream-handover.tsx,upstream-only,移植上游,保留上游实现；移除业务埋点，必要时适配二改接口。
test/fixtures/chibi-body-shape.html,upstream-only,移植上游,吸收上游文件/资源。
test/fixtures/chibi-body-shape.tsx,upstream-only,移植上游,保留上游实现；移除业务埋点，必要时适配二改接口。
test/fixtures/chibi-clothing.html,upstream-only,移植上游,吸收上游文件/资源。
test/fixtures/chibi-face-controls.html,upstream-only,移植上游,吸收上游文件/资源。
test/fixtures/chibi-face-controls.tsx,upstream-only,移植上游,保留上游实现；移除业务埋点，必要时适配二改接口。
test/fixtures/chibi-face-native.html,upstream-only,移植上游,吸收上游文件/资源。
test/fixtures/chibi-face-native.ts,upstream-only,移植上游,保留上游实现；移除业务埋点，必要时适配二改接口。
test/fixtures/chibi-face.html,upstream-only,移植上游,吸收上游文件/资源。
test/fixtures/chibi-face.ts,upstream-only,移植上游,保留上游实现；移除业务埋点，必要时适配二改接口。
test/fixtures/chibi-fingers.html,upstream-only,移植上游,吸收上游文件/资源。
test/fixtures/chibi-fingers.ts,upstream-only,移植上游,保留上游实现；移除业务埋点，必要时适配二改接口。
test/fixtures/chibi-happy-wave.html,upstream-only,移植上游,吸收上游文件/资源。
test/fixtures/chibi-happy-wave.ts,upstream-only,移植上游,保留上游实现；移除业务埋点，必要时适配二改接口。
test/fixtures/chibi-layers.html,upstream-only,移植上游,吸收上游文件/资源。
test/fixtures/chibi-layers.tsx,upstream-only,移植上游,保留上游实现；移除业务埋点，必要时适配二改接口。
test/fixtures/chibi-performance.html,upstream-only,移植上游,吸收上游文件/资源。
test/fixtures/chibi-performance.tsx,upstream-only,移植上游,保留上游实现；移除业务埋点，必要时适配二改接口。
test/fixtures/chibi-pose-editor.ts,upstream-only,移植上游,保留上游实现；移除业务埋点，必要时适配二改接口。
test/fixtures/chibi-pose-handles.ts,upstream-only,移植上游,保留上游实现；移除业务埋点，必要时适配二改接口。
test/fixtures/chibi-shoulder.html,upstream-only,移植上游,吸收上游文件/资源。
test/fixtures/chibi-shoulder.ts,upstream-only,移植上游,保留上游实现；移除业务埋点，必要时适配二改接口。
test/fixtures/chibi-wardrobe-pose.html,upstream-only,移植上游,吸收上游文件/资源。
test/fixtures/chibi-wardrobe-pose.ts,upstream-only,移植上游,保留上游实现；移除业务埋点，必要时适配二改接口。
test/fixtures/collaboration-mcp.html,upstream-only,移植上游,吸收上游文件/资源。
test/fixtures/collaboration-mcp.tsx,upstream-only,移植上游,保留上游实现；移除业务埋点，必要时适配二改接口。
test/fixtures/conversation-favorites.html,upstream-only,移植上游,吸收上游文件/资源。
test/fixtures/conversation-favorites.tsx,upstream-only,移植上游,保留上游实现；移除业务埋点，必要时适配二改接口。
test/fixtures/creator-cache.tsx,upstream-only,移植上游,保留上游实现；移除业务埋点，必要时适配二改接口。
test/fixtures/database-guard.html,upstream-only,移植上游,吸收上游文件/资源。
test/fixtures/database-guard.tsx,upstream-only,移植上游,保留上游实现；移除业务埋点，必要时适配二改接口。
test/fixtures/feedback-invitation.html,upstream-only,移植上游,吸收上游文件/资源。
test/fixtures/feedback-invitation.tsx,upstream-only,移植上游,保留上游实现；移除业务埋点，必要时适配二改接口。
test/fixtures/fishing-actions.json,upstream-only,移植上游,吸收上游文件/资源。
test/fixtures/fishing-characters.html,upstream-only,移植上游,吸收上游文件/资源。
test/fixtures/fishing-characters.tsx,upstream-only,移植上游,保留上游实现；移除业务埋点，必要时适配二改接口。
test/fixtures/fishing.html,upstream-only,移植上游,吸收上游文件/资源。
test/fixtures/fishing.tsx,upstream-only,移植上游,保留上游实现；移除业务埋点，必要时适配二改接口。
test/fixtures/group-chat-input.html,upstream-only,移植上游,吸收上游文件/资源。
test/fixtures/group-chat-input.tsx,upstream-only,移植上游,保留上游实现；移除业务埋点，必要时适配二改接口。
test/fixtures/hair-catalog.html,upstream-only,移植上游,吸收上游文件/资源。
test/fixtures/home-figure.html,upstream-only,移植上游,吸收上游文件/资源。
test/fixtures/home-figure.tsx,upstream-only,移植上游,保留上游实现；移除业务埋点，必要时适配二改接口。
test/fixtures/home-life.html,upstream-only,移植上游,吸收上游文件/资源。
test/fixtures/home-life.tsx,upstream-only,移植上游,保留上游实现；移除业务埋点，必要时适配二改接口。
test/fixtures/home-pets.html,upstream-only,移植上游,吸收上游文件/资源。
test/fixtures/home-pets.tsx,upstream-only,移植上游,保留上游实现；移除业务埋点，必要时适配二改接口。
test/fixtures/home-phone.html,upstream-only,移植上游,吸收上游文件/资源。
test/fixtures/home-phone.tsx,upstream-only,移植上游,保留上游实现；移除业务埋点，必要时适配二改接口。
test/fixtures/home-presence.html,upstream-only,移植上游,吸收上游文件/资源。
test/fixtures/home-presence.tsx,upstream-only,移植上游,保留上游实现；移除业务埋点，必要时适配二改接口。
test/fixtures/home-release-scenes.html,upstream-only,移植上游,吸收上游文件/资源。
test/fixtures/home-release-scenes.tsx,upstream-only,移植上游,保留上游实现；移除业务埋点，必要时适配二改接口。
test/fixtures/home-release.html,upstream-only,移植上游,吸收上游文件/资源。
test/fixtures/home-release.tsx,upstream-only,移植上游,保留上游实现；移除业务埋点，必要时适配二改接口。
test/fixtures/home-review.html,upstream-only,移植上游,吸收上游文件/资源。
test/fixtures/home-review.tsx,upstream-only,移植上游,保留上游实现；移除业务埋点，必要时适配二改接口。
test/fixtures/home-secret-reveal.html,upstream-only,移植上游,吸收上游文件/资源。
test/fixtures/home-secret-reveal.tsx,upstream-only,移植上游,保留上游实现；移除业务埋点，必要时适配二改接口。
test/fixtures/home-setup.html,upstream-only,移植上游,吸收上游文件/资源。
test/fixtures/home-setup.tsx,upstream-only,移植上游,保留上游实现；移除业务埋点，必要时适配二改接口。
test/fixtures/home-starter.html,upstream-only,移植上游,吸收上游文件/资源。
test/fixtures/home-starter.tsx,upstream-only,移植上游,保留上游实现；移除业务埋点，必要时适配二改接口。
test/fixtures/home-waves.html,upstream-only,移植上游,吸收上游文件/资源。
test/fixtures/home-waves.tsx,upstream-only,移植上游,保留上游实现；移除业务埋点，必要时适配二改接口。
test/fixtures/home3d.html,upstream-only,移植上游,吸收上游文件/资源。
test/fixtures/home3d.tsx,upstream-only,移植上游,保留上游实现；移除业务埋点，必要时适配二改接口。
test/fixtures/homely.html,upstream-only,移植上游,吸收上游文件/资源。
test/fixtures/homely.tsx,upstream-only,移植上游,保留上游实现；移除业务埋点，必要时适配二改接口。
test/fixtures/inbox-qa.html,upstream-only,移植上游,吸收上游文件/资源。
test/fixtures/inbox-qa.tsx,upstream-only,移植上游,保留上游实现；移除业务埋点，必要时适配二改接口。
test/fixtures/kanata.html,upstream-only,移植上游,吸收上游文件/资源。
test/fixtures/kanata.tsx,upstream-only,移植上游,保留上游实现；移除业务埋点，必要时适配二改接口。
test/fixtures/kitchen-assets-gallery.html,upstream-only,移植上游,吸收上游文件/资源。
test/fixtures/kitchen-source-gallery.html,upstream-only,移植上游,吸收上游文件/资源。
test/fixtures/legacyWardrobePose.ts,upstream-only,移植上游,保留上游实现；移除业务埋点，必要时适配二改接口。
test/fixtures/meshy-motion-audition.css,upstream-only,移植上游,吸收上游文件/资源。
test/fixtures/meshy-motion-audition.html,upstream-only,移植上游,吸收上游文件/资源。
test/fixtures/meshy-motion-audition.ts,upstream-only,移植上游,保留上游实现；移除业务埋点，必要时适配二改接口。
test/fixtures/photo-cc0-review.html,upstream-only,移植上游,吸收上游文件/资源。
test/fixtures/photo-cc0-review.js,upstream-only,移植上游,吸收上游文件/资源。
test/fixtures/playwright-host.mjs,upstream-only,移植上游,吸收上游文件/资源。
test/fixtures/playwright-loader.mjs,upstream-only,移植上游,吸收上游文件/资源。
test/fixtures/png-share.html,upstream-only,移植上游,吸收上游文件/资源。
test/fixtures/png-share.tsx,upstream-only,移植上游,保留上游实现；移除业务埋点，必要时适配二改接口。
test/fixtures/qa-fishing-characters.mjs,upstream-only,移植上游,吸收上游文件/资源。
test/fixtures/room-loading.html,upstream-only,移植上游,吸收上游文件/资源。
test/fixtures/room3d-bathroom.html,upstream-only,移植上游,吸收上游文件/资源。
test/fixtures/room3d-bathroom.tsx,upstream-only,移植上游,保留上游实现；移除业务埋点，必要时适配二改接口。
test/fixtures/room3d-bedroom.html,upstream-only,移植上游,吸收上游文件/资源。
test/fixtures/room3d-bedroom.tsx,upstream-only,移植上游,保留上游实现；移除业务埋点，必要时适配二改接口。
test/fixtures/room3d-body-comparison.css,upstream-only,移植上游,吸收上游文件/资源。
test/fixtures/room3d-body-comparison.html,upstream-only,移植上游,吸收上游文件/资源。
test/fixtures/room3d-body-comparison.tsx,upstream-only,移植上游,保留上游实现；移除业务埋点，必要时适配二改接口。
test/fixtures/room3d-botanical.html,upstream-only,移植上游,吸收上游文件/资源。
test/fixtures/room3d-botanical.tsx,upstream-only,移植上游,保留上游实现；移除业务埋点，必要时适配二改接口。
test/fixtures/room3d-building.html,upstream-only,移植上游,吸收上游文件/资源。
test/fixtures/room3d-docking.html,upstream-only,移植上游,吸收上游文件/资源。
test/fixtures/room3d-finishes.html,upstream-only,移植上游,吸收上游文件/资源。
test/fixtures/room3d-gallery.html,upstream-only,移植上游,吸收上游文件/资源。
test/fixtures/room3d-gallery.js,upstream-only,移植上游,吸收上游文件/资源。
test/fixtures/room3d-gaming.html,upstream-only,移植上游,吸收上游文件/资源。
test/fixtures/room3d-gaming.tsx,upstream-only,移植上游,保留上游实现；移除业务埋点，必要时适配二改接口。
test/fixtures/room3d-home-social.html,upstream-only,移植上游,吸收上游文件/资源。
test/fixtures/room3d-home-social.tsx,upstream-only,移植上游,保留上游实现；移除业务埋点，必要时适配二改接口。
test/fixtures/room3d-kitchen.html,upstream-only,移植上游,吸收上游文件/资源。
test/fixtures/room3d-kitchen.tsx,upstream-only,移植上游,保留上游实现；移除业务埋点，必要时适配二改接口。
test/fixtures/room3d-layout.html,upstream-only,移植上游,吸收上游文件/资源。
test/fixtures/room3d-loft.html,upstream-only,移植上游,吸收上游文件/资源。
test/fixtures/room3d-media.html,upstream-only,移植上游,吸收上游文件/资源。
test/fixtures/room3d-motion-library.css,upstream-only,移植上游,吸收上游文件/资源。
test/fixtures/room3d-motion-library.html,upstream-only,移植上游,吸收上游文件/资源。
test/fixtures/room3d-motion-library.ts,upstream-only,移植上游,保留上游实现；移除业务埋点，必要时适配二改接口。
test/fixtures/room3d-pet-life.html,upstream-only,移植上游,吸收上游文件/资源。
test/fixtures/room3d-pet-life.js,upstream-only,移植上游,吸收上游文件/资源。
test/fixtures/room3d-pets.html,upstream-only,移植上游,吸收上游文件/资源。
test/fixtures/room3d-pets.js,upstream-only,移植上游,吸收上游文件/资源。
test/fixtures/room3d-phone-budget.html,upstream-only,移植上游,吸收上游文件/资源。
test/fixtures/room3d-retro.html,upstream-only,移植上游,吸收上游文件/资源。
test/fixtures/room3d-rotation.html,upstream-only,移植上游,吸收上游文件/资源。
test/fixtures/room3d-seating.html,upstream-only,移植上游,吸收上游文件/资源。
test/fixtures/room3d-seating.tsx,upstream-only,移植上游,保留上游实现；移除业务埋点，必要时适配二改接口。
test/fixtures/room3d-showrooms.html,upstream-only,移植上游,吸收上游文件/资源。
test/fixtures/room3d-showrooms.tsx,upstream-only,移植上游,保留上游实现；移除业务埋点，必要时适配二改接口。
test/fixtures/room3d-social-sources.html,upstream-only,移植上游,吸收上游文件/资源。
test/fixtures/room3d-social.css,upstream-only,移植上游,吸收上游文件/资源。
test/fixtures/room3d-social.html,upstream-only,移植上游,吸收上游文件/资源。
test/fixtures/room3d-social.tsx,upstream-only,移植上游,保留上游实现；移除业务埋点，必要时适配二改接口。
test/fixtures/room3d-test-character.ts,upstream-only,移植上游,保留上游实现；移除业务埋点，必要时适配二改接口。
test/fixtures/room3d-topology.html,upstream-only,移植上游,吸收上游文件/资源。
test/fixtures/room3d-topology.tsx,upstream-only,移植上游,保留上游实现；移除业务埋点，必要时适配二改接口。
test/fixtures/room3d-window-daylight.html,upstream-only,移植上游,吸收上游文件/资源。
test/fixtures/sar-backup-data.ts,upstream-only,移植上游,保留上游实现；移除业务埋点，必要时适配二改接口。
test/fixtures/sar-commerce.html,upstream-only,移植上游,吸收上游文件/资源。
test/fixtures/sar-commerce.tsx,upstream-only,移植上游,保留上游实现；移除业务埋点，必要时适配二改接口。
test/fixtures/sar-dialogue.html,upstream-only,移植上游,吸收上游文件/资源。
test/fixtures/sar-dialogue.tsx,upstream-only,移植上游,保留上游实现；移除业务埋点，必要时适配二改接口。
test/fixtures/sar-diorama.html,upstream-only,移植上游,吸收上游文件/资源。
test/fixtures/sar-facilities.html,upstream-only,移植上游,吸收上游文件/资源。
test/fixtures/sar-facilities.tsx,upstream-only,移植上游,保留上游实现；移除业务埋点，必要时适配二改接口。
test/fixtures/sar-module-chat.html,upstream-only,移植上游,吸收上游文件/资源。
test/fixtures/sar-module-chat.tsx,upstream-only,移植上游,保留上游实现；移除业务埋点，必要时适配二改接口。
test/fixtures/sar-module-presentation.html,upstream-only,移植上游,吸收上游文件/资源。
test/fixtures/sar-module-presentation.tsx,upstream-only,移植上游,保留上游实现；移除业务埋点，必要时适配二改接口。
test/fixtures/sar-module-sticker-reply.ts,upstream-only,移植上游,保留上游实现；移除业务埋点，必要时适配二改接口。
test/fixtures/sar-release.html,upstream-only,移植上游,吸收上游文件/资源。
test/fixtures/sar-release.tsx,upstream-only,移植上游,保留上游实现；移除业务埋点，必要时适配二改接口。
test/fixtures/sar-room.tsx,upstream-only,移植上游,保留上游实现；移除业务埋点，必要时适配二改接口。
test/fixtures/sar-roster.html,upstream-only,移植上游,吸收上游文件/资源。
test/fixtures/sar-roster.tsx,upstream-only,移植上游,保留上游实现；移除业务埋点，必要时适配二改接口。
test/fixtures/sar-simulation.html,upstream-only,移植上游,吸收上游文件/资源。
test/fixtures/sar-simulation.tsx,upstream-only,移植上游,保留上游实现；移除业务埋点，必要时适配二改接口。
test/fixtures/sar-user-module.html,upstream-only,移植上游,吸收上游文件/资源。
test/fixtures/sar-user-module.tsx,upstream-only,移植上游,保留上游实现；移除业务埋点，必要时适配二改接口。
test/fixtures/showroom-assets.html,upstream-only,移植上游,吸收上游文件/资源。
test/fixtures/showroom-detail.html,upstream-only,移植上游,吸收上游文件/资源。
test/fixtures/showroom-door.html,upstream-only,移植上游,吸收上游文件/资源。
test/fixtures/showroom-source.html,upstream-only,移植上游,吸收上游文件/资源。
test/fixtures/startup-failure.html,upstream-only,移植上游,吸收上游文件/资源。
test/fixtures/sully-face-layers.html,upstream-only,移植上游,吸收上游文件/资源。
test/fixtures/sully-face-layers.ts,upstream-only,移植上游,保留上游实现；移除业务埋点，必要时适配二改接口。
test/fixtures/trpg-archive.html,upstream-only,移植上游,吸收上游文件/资源。
test/fixtures/trpg-archive.tsx,upstream-only,移植上游,保留上游实现；移除业务埋点，必要时适配二改接口。
test/fixtures/worldbook-cowork.html,upstream-only,移植上游,吸收上游文件/资源。
test/fixtures/worldbook-cowork.tsx,upstream-only,移植上游,保留上游实现；移除业务埋点，必要时适配二改接口。
tsconfig.json,fork-only,保留二改,保留 strict，启用 JS 模块推导；不排除报错测试或降低类型规则。
types.compat.ts,fork-only,保留二改,保留二改路径；相关调用按融合后的接口调整。
types.fork.ts,fork-only,保留二改,保留二改路径；相关调用按融合后的接口调整。
types.ts,shared-change,手工融合完成,"Keep optional Instant Push transport types and app_memory_card, add upstream secret_note and all nonconflicting new profile/backup types."
utils/SensitiveTextInput.test.ts,fork-only,保留二改,保留二改路径；相关调用按融合后的接口调整。
utils/actionExpression.test.ts,upstream-only,移植上游,保留上游实现；移除业务埋点，必要时适配二改接口。
utils/activeMsgClient.clientStateDelete.test.ts,upstream-only,移植上游,保留上游实现；移除业务埋点，必要时适配二改接口。
utils/activeMsgClient.credRefs.test.ts,upstream-only,移植上游,保留上游实现；移除业务埋点，必要时适配二改接口。
utils/activeMsgClient.test.ts,shared-change,三方融合并核对,保留双方不重叠代码，按当前契约验证调用点。
utils/activeMsgClient.ts,shared-change,手工融合完成,Carry fork emotion failover routes and upstream home secret correlation together through credRefs.
utils/activeMsgClient.wiring.test.ts,shared-change,三方融合并核对,保留双方不重叠代码，按当前契约验证调用点。
utils/activeMsgRuntime.beforeChat.test.ts,upstream-only,移植上游,保留上游实现；移除业务埋点，必要时适配二改接口。
utils/activeMsgRuntime.test.ts,shared-change,三方融合并核对,保留双方不重叠代码，按当前契约验证调用点。
utils/activeMsgRuntime.ts,shared-change,手工融合完成,Clarify no generation retry; retain fork high-frequency outbox catch-up implemented outside this comment.
utils/activeMsgStore.test.ts,upstream-only,移植上游,保留上游实现；移除业务埋点，必要时适配二改接口。
utils/activeMsgStore.ts,upstream-only,移植上游,保留上游实现；移除业务埋点，必要时适配二改接口。
utils/agenticTools.ts,upstream-only,移植上游,保留上游实现；移除业务埋点，必要时适配二改接口。
utils/aiCompletionPipeline.test.ts,fork-only,保留二改,保留二改路径；相关调用按融合后的接口调整。
utils/aiCompletionPipeline.ts,fork-only,保留二改,保留二改路径；相关调用按融合后的接口调整。
utils/aiRequestManager.test.ts,fork-only,保留二改,保留二改路径；相关调用按融合后的接口调整。
utils/aiRequestManager.ts,fork-only,保留二改,保留二改路径；相关调用按融合后的接口调整。
utils/amsg2CharCleanup.test.ts,upstream-only,移植上游,保留上游实现；移除业务埋点，必要时适配二改接口。
utils/amsg2CharCleanup.ts,upstream-only,移植上游,保留上游实现；移除业务埋点，必要时适配二改接口。
utils/amsg2ExpireGuard.test.ts,upstream-only,移植上游,保留上游实现；移除业务埋点，必要时适配二改接口。
utils/amsg2ExpireGuard.ts,upstream-only,移植上游,保留上游实现；移除业务埋点，必要时适配二改接口。
utils/amsg2TaskContext.test.ts,upstream-only,移植上游,保留上游实现；移除业务埋点，必要时适配二改接口。
utils/amsg2TaskContext.ts,upstream-only,移植上游,保留上游实现；移除业务埋点，必要时适配二改接口。
utils/amsg2Tasks.test.ts,upstream-only,移植上游,保留上游实现；移除业务埋点，必要时适配二改接口。
utils/amsg2Tasks.ts,upstream-only,移植上游,保留上游实现；移除业务埋点，必要时适配二改接口。
utils/amsg2Timezone.test.ts,upstream-only,移植上游,保留上游实现；移除业务埋点，必要时适配二改接口。
utils/amsg2ToolBridge.test.ts,upstream-only,移植上游,保留上游实现；移除业务埋点，必要时适配二改接口。
utils/amsg2ToolBridge.ts,upstream-only,移植上游,保留上游实现；移除业务埋点，必要时适配二改接口。
utils/amsg2ToolLoop.test.ts,upstream-only,移植上游,保留上游实现；移除业务埋点，必要时适配二改接口。
utils/amsg2ToolLoop.ts,upstream-only,移植上游,保留上游实现；移除业务埋点，必要时适配二改接口。
utils/amsgAutoUpdateTrigger.test.ts,upstream-only,移植上游,保留上游实现；移除业务埋点，必要时适配二改接口。
utils/amsgAutoUpdateTrigger.ts,upstream-only,移植上游,保留上游实现；移除业务埋点，必要时适配二改接口。
utils/amsgBundleVersion.ts,shared-change,手工融合完成,Publish a distinct integrated worker version retaining Story Jobs and native polling.
utils/amsgClientStateDelete.test.ts,upstream-only,移植上游,保留上游实现；移除业务埋点，必要时适配二改接口。
utils/amsgClientStateDelete.ts,upstream-only,移植上游,保留上游实现；移除业务埋点，必要时适配二改接口。
utils/amsgCloudData.test.ts,upstream-only,移植上游,保留上游实现；移除业务埋点，必要时适配二改接口。
utils/amsgCloudData.ts,upstream-only,移植上游,保留上游实现；移除业务埋点，必要时适配二改接口。
utils/amsgCloudInventory.test.ts,upstream-only,移植上游,保留上游实现；移除业务埋点，必要时适配二改接口。
utils/amsgCloudInventory.ts,upstream-only,移植上游,保留上游实现；移除业务埋点，必要时适配二改接口。
utils/amsgCloudOwnerGeneration.test.ts,upstream-only,移植上游,保留上游实现；移除业务埋点，必要时适配二改接口。
utils/amsgCloudOwnerGeneration.ts,upstream-only,移植上游,保留上游实现；移除业务埋点，必要时适配二改接口。
utils/amsgCloudRetirement.test.ts,upstream-only,移植上游,保留上游实现；移除业务埋点，必要时适配二改接口。
utils/amsgCloudRetirement.ts,upstream-only,移植上游,保留上游实现；移除业务埋点，必要时适配二改接口。
utils/amsgDetachedWorkers.test.ts,upstream-only,移植上游,保留上游实现；移除业务埋点，必要时适配二改接口。
utils/amsgDetachedWorkers.ts,upstream-only,移植上游,保留上游实现；移除业务埋点，必要时适配二改接口。
utils/amsgDiagnostics.test.ts,shared-change,三方融合并核对,保留双方不重叠代码，按当前契约验证调用点。
utils/amsgDiagnostics.ts,upstream-only,移植上游,保留上游实现；移除业务埋点，必要时适配二改接口。
utils/amsgFirePack.test.ts,upstream-only,移植上游,保留上游实现；移除业务埋点，必要时适配二改接口。
utils/amsgFirePack.ts,upstream-only,移植上游,保留上游实现；移除业务埋点，必要时适配二改接口。
utils/amsgFireScene.test.ts,fork-only,保留二改,保留二改路径；相关调用按融合后的接口调整。
utils/amsgFireSchedule.test.ts,upstream-only,移植上游,保留上游实现；移除业务埋点，必要时适配二改接口。
utils/amsgFireSchedule.ts,upstream-only,移植上游,保留上游实现；移除业务埋点，必要时适配二改接口。
utils/amsgFireSkipResult.test.ts,upstream-only,移植上游,保留上游实现；移除业务埋点，必要时适配二改接口。
utils/amsgFireSkipResult.ts,upstream-only,移植上游,保留上游实现；移除业务埋点，必要时适配二改接口。
utils/amsgFireSkipResultApply.ts,upstream-only,移植上游,保留上游实现；移除业务埋点，必要时适配二改接口。
utils/amsgInstantChat.test.ts,shared-change,三方融合并核对,保留双方不重叠代码，按当前契约验证调用点。
utils/amsgInstantChat.ts,shared-change,三方融合并核对,保留双方不重叠代码，按当前契约验证调用点。
utils/amsgInstantChat.wiring.test.ts,upstream-only,移植上游,保留上游实现；移除业务埋点，必要时适配二改接口。
utils/amsgLimits.test.ts,upstream-only,移植上游,保留上游实现；移除业务埋点，必要时适配二改接口。
utils/amsgLimits.ts,upstream-only,移植上游,保留上游实现；移除业务埋点，必要时适配二改接口。
utils/amsgLlmCredentials.test.ts,upstream-only,移植上游,保留上游实现；移除业务埋点，必要时适配二改接口。
utils/amsgLlmCredentials.ts,upstream-only,移植上游,保留主动消息单独 API，并融合角色默认 API；chat 与 instant 行独立。
utils/amsgPlateJob.test.ts,upstream-only,移植上游,保留上游实现；移除业务埋点，必要时适配二改接口。
utils/amsgPlateJob.ts,upstream-only,移植上游,保留上游实现；移除业务埋点，必要时适配二改接口。
utils/amsgResults.test.ts,upstream-only,移植上游,保留上游实现；移除业务埋点，必要时适配二改接口。
utils/amsgResults.ts,shared-change,手工融合完成,Dispatch both Story background notifications and upstream skipped-fire results.
utils/amsgSelfUpdateState.test.ts,upstream-only,移植上游,保留上游实现；移除业务埋点，必要时适配二改接口。
utils/amsgSelfUpdateState.ts,upstream-only,移植上游,保留上游实现；移除业务埋点，必要时适配二改接口。
utils/amsgStateSync.gaps.test.ts,upstream-only,移植上游,保留上游实现；移除业务埋点，必要时适配二改接口。
utils/amsgStateSync.test.ts,upstream-only,移植上游,保留上游实现；移除业务埋点，必要时适配二改接口。
utils/amsgStateSync.ts,upstream-only,移植上游,保留上游实现；移除业务埋点，必要时适配二改接口。
utils/amsgStateSync.wiring.test.ts,shared-change,三方融合并核对,保留双方不重叠代码，按当前契约验证调用点。
utils/amsgStoppedReply.test.ts,upstream-only,移植上游,保留上游实现；移除业务埋点，必要时适配二改接口。
utils/amsgStoppedReply.ts,upstream-only,移植上游,保留上游实现；移除业务埋点，必要时适配二改接口。
utils/amsgStoppedReplyClient.test.ts,upstream-only,移植上游,保留上游实现；移除业务埋点，必要时适配二改接口。
utils/amsgStoppedReplyClient.ts,upstream-only,移植上游,保留上游实现；移除业务埋点，必要时适配二改接口。
utils/amsgTickReport.test.ts,upstream-only,移植上游,保留上游实现；移除业务埋点，必要时适配二改接口。
utils/amsgTickReport.ts,upstream-only,移植上游,保留上游实现；移除业务埋点，必要时适配二改接口。
utils/amsgToolPack.ts,upstream-only,移植上游,保留上游实现；移除业务埋点，必要时适配二改接口。
utils/amsgToolTrace.ts,upstream-only,移植上游,保留上游实现；移除业务埋点，必要时适配二改接口。
utils/amsgWorkerVersion.test.ts,upstream-only,移植上游,保留上游实现；移除业务埋点，必要时适配二改接口。
utils/analytics.test.ts,shared-change,手工融合完成,保留二改版禁止出站统计的回归。
utils/analytics.ts,shared-change,三方融合并核对,继续永久禁止出站统计；不移植新业务埋点。
utils/analyticsSnapshot.test.ts,upstream-only,不移植统计上报,保留二改不增加统计上报的原则。
utils/analyticsSnapshot.ts,upstream-only,不移植统计上报,保留二改不增加统计上报的原则。
utils/androidAppUpdate.repro.test.ts,upstream-only,移植上游,保留上游实现；移除业务埋点，必要时适配二改接口。
utils/androidAppUpdate.test.ts,shared-change,手工融合完成,Keep fork manifest validation fixtures while integrating upstream update fixes.
utils/androidAppUpdate.ts,upstream-only,移植上游,保留上游实现；移除业务埋点，必要时适配二改接口。
utils/androidUpdateControl.test.ts,upstream-only,移植上游,保留上游实现；移除业务埋点，必要时适配二改接口。
utils/androidUpdateSession.test.ts,upstream-only,移植上游,保留上游实现；移除业务埋点，必要时适配二改接口。
utils/androidUpdateSession.ts,upstream-only,移植上游,保留上游实现；移除业务埋点，必要时适配二改接口。
utils/animalTailColor.test.ts,upstream-only,移植上游,保留上游实现；移除业务埋点，必要时适配二改接口。
utils/anniversaryGiftDownload.test.ts,upstream-only,移植上游,保留上游实现；移除业务埋点，必要时适配二改接口。
utils/anniversaryGiftDownload.ts,upstream-only,移植上游,保留上游实现；移除业务埋点，必要时适配二改接口。
utils/anniversaryGifts.test.ts,upstream-only,移植上游,保留上游实现；移除业务埋点，必要时适配二改接口。
utils/anniversaryGifts.ts,upstream-only,移植上游,保留上游实现；移除业务埋点，必要时适配二改接口。
utils/apiBillingIdentity.contract.test.ts,fork-only,保留二改,保留二改路径；相关调用按融合后的接口调整。
utils/apiCallLog.billingIdentity.test.ts,fork-only,保留二改,保留二改路径；相关调用按融合后的接口调整。
utils/apiCallLog.test.ts,shared-change,手工融合完成,Cover both one-shot captures/worldbook sections and fork failover pricing identity.
utils/apiCallLog.ts,shared-change,三方融合并核对,保留双方不重叠代码，按当前契约验证调用点。
utils/apiConfigNormalize.ts,fork-only,保留二改,保留二改路径；相关调用按融合后的接口调整。
utils/apiCostBackfill.test.ts,fork-only,保留二改,保留二改路径；相关调用按融合后的接口调整。
utils/apiCostBackfill.ts,fork-only,保留二改,保留二改路径；相关调用按融合后的接口调整。
utils/apiCostDailySummary.test.ts,fork-only,保留二改,保留二改路径；相关调用按融合后的接口调整。
utils/apiCostEvents.ts,fork-only,保留二改,保留二改路径；相关调用按融合后的接口调整。
utils/apiCostFailurePolicy.ts,fork-only,保留二改,保留二改路径；相关调用按融合后的接口调整。
utils/apiCostMigration.ts,fork-only,保留二改,保留二改路径；相关调用按融合后的接口调整。
utils/apiCostResolution.test.ts,fork-only,保留二改,保留二改路径；相关调用按融合后的接口调整。
utils/apiCostResolution.ts,fork-only,保留二改,保留二改路径；相关调用按融合后的接口调整。
utils/apiCostUnresolvedMigration.test.ts,fork-only,保留二改,保留二改路径；相关调用按融合后的接口调整。
utils/apiCostUnresolvedMigration.ts,fork-only,保留二改,保留二改路径；相关调用按融合后的接口调整。
utils/apiFailover.directIdentity.test.ts,fork-only,保留二改,保留二改路径；相关调用按融合后的接口调整。
utils/apiFailover.test.ts,fork-only,保留二改,保留二改路径；相关调用按融合后的接口调整。
utils/apiFailover.ts,fork-only,保留二改,保留二改路径；相关调用按融合后的接口调整。
utils/apiFailoverGroupAnalysis.test.ts,fork-only,保留二改,保留二改路径；相关调用按融合后的接口调整。
utils/apiFailoverGroupAnalysis.ts,fork-only,保留二改,保留二改路径；相关调用按融合后的接口调整。
utils/apiFailoverMultiModel.contract.test.ts,fork-only,保留二改,保留二改路径；相关调用按融合后的接口调整。
utils/apiFailoverRouteCooldown.contract.test.ts,fork-only,保留二改,保留二改路径；相关调用按融合后的接口调整。
utils/apiFailoverRouteCooldown.test.ts,fork-only,保留二改,保留二改路径；相关调用按融合后的接口调整。
utils/apiFailoverRouteCooldown.ts,fork-only,保留二改,保留二改路径；相关调用按融合后的接口调整。
utils/apiPresetAddModel.contract.test.ts,fork-only,保留二改,保留二改路径；相关调用按融合后的接口调整。
utils/apiPresetBackup.test.ts,fork-only,保留二改,保留二改路径；相关调用按融合后的接口调整。
utils/apiPresetBackup.ts,fork-only,保留二改,保留二改路径；相关调用按融合后的接口调整。
utils/apiPresetConfig.test.ts,fork-only,保留二改,保留二改路径；相关调用按融合后的接口调整。
utils/apiPresetConfig.ts,fork-only,保留二改,保留二改路径；相关调用按融合后的接口调整。
utils/apiPresetDeleteModel.contract.test.ts,fork-only,保留二改,保留二改路径；相关调用按融合后的接口调整。
utils/apiPresetEditing.contract.test.ts,fork-only,保留二改,保留二改路径；相关调用按融合后的接口调整。
utils/apiPresetModels.test.ts,fork-only,保留二改,保留二改路径；相关调用按融合后的接口调整。
utils/apiPresetModels.ts,fork-only,保留二改,保留二改路径；相关调用按融合后的接口调整。
utils/apiPresetRouteIdentity.test.ts,fork-only,保留二改,保留二改路径；相关调用按融合后的接口调整。
utils/apiPresetRouteIdentity.ts,fork-only,保留二改,保留二改路径；相关调用按融合后的接口调整。
utils/apiPresetSwitch.test.ts,upstream-only,移植上游,保留上游实现；移除业务埋点，必要时适配二改接口。
utils/apiPresetSwitch.ts,shared-change,三方融合并核对,保留双方不重叠代码，按当前契约验证调用点。
utils/apiPresetSwitch.wiring.test.ts,shared-change,手工融合完成,Retain fork multi-model and independent price editing regression; upstream single-model count assertions do not describe integrated behavior.
utils/apiPricing.test.ts,fork-only,保留二改,保留二改路径；相关调用按融合后的接口调整。
utils/apiPricing.ts,fork-only,保留二改,保留二改路径；相关调用按融合后的接口调整。
utils/appBeauty.test.ts,upstream-only,移植上游,保留上游实现；移除业务埋点，必要时适配二改接口。
utils/appContext.test.ts,fork-only,保留二改,保留二改路径；相关调用按融合后的接口调整。
utils/appContext.ts,fork-only,保留二改,保留二改路径；相关调用按融合后的接口调整。
utils/appExperiences.contract.test.ts,fork-only,保留二改,保留二改路径；相关调用按融合后的接口调整。
utils/appIcon.test.ts,upstream-only,移植上游,保留上游实现；移除业务埋点，必要时适配二改接口。
utils/appIcon.ts,upstream-only,移植上游,保留上游实现；移除业务埋点，必要时适配二改接口。
utils/appMemoryBridge.ts,fork-only,保留二改,保留二改路径；相关调用按融合后的接口调整。
utils/appUpdate.test.ts,fork-only,保留二改,保留二改路径；相关调用按融合后的接口调整。
utils/appUpdate.ts,fork-only,保留二改,保留二改路径；相关调用按融合后的接口调整。
utils/appVersion.ts,upstream-only,移植上游,保留上游实现；移除业务埋点，必要时适配二改接口。
utils/appearanceColorControl.test.ts,upstream-only,移植上游,保留上游实现；移除业务埋点，必要时适配二改接口。
utils/appearanceDye.test.ts,upstream-only,移植上游,保留上游实现；移除业务埋点，必要时适配二改接口。
utils/applyAssistantPostProcessing.test.ts,shared-change,手工融合完成,Add real stop-after-first-bubble and sticker-history parsing regressions alongside fork source-code leakage tests.
utils/applyAssistantPostProcessing.ts,shared-change,手工融合完成,Keep fork unified display sanitation/emoji boundary; add cancellation guards and SAR surface metadata to each persisted display unit.
utils/approvedWardrobe.test.ts,upstream-only,移植上游,保留上游实现；移除业务埋点，必要时适配二改接口。
utils/assistantActionFormat.test.ts,upstream-only,移植上游,保留上游实现；移除业务埋点，必要时适配二改接口。
utils/assistantActionFormat.ts,upstream-only,移植上游,保留上游实现；移除业务埋点，必要时适配二改接口。
utils/assistantDisplayPipeline.test.ts,fork-only,保留二改,保留二改路径；相关调用按融合后的接口调整。
utils/assistantDisplayPipeline.ts,fork-only,保留二改,保留二改路径；相关调用按融合后的接口调整。
utils/automaticWalls.test.ts,upstream-only,移植上游,保留上游实现；移除业务埋点，必要时适配二改接口。
utils/avatarFrameEditor.test.ts,upstream-only,移植上游,保留上游实现；移除业务埋点，必要时适配二改接口。
utils/avatarFrameUpload.test.ts,upstream-only,移植上游,保留上游实现；移除业务埋点，必要时适配二改接口。
utils/avatarFrameUpload.ts,upstream-only,移植上游,保留上游实现；移除业务埋点，必要时适配二改接口。
utils/avatarTouch.ts,upstream-only,移植上游,保留上游实现；移除业务埋点，必要时适配二改接口。
utils/backgroundImageJobs.backup.test.ts,fork-only,保留二改,保留二改路径；相关调用按融合后的接口调整。
utils/backgroundImageJobs.test.ts,fork-only,保留二改,保留二改路径；相关调用按融合后的接口调整。
utils/backgroundImageJobs.ts,fork-only,保留二改,保留二改路径；相关调用按融合后的接口调整。
utils/backgroundImageJobs.workerOwned.test.ts,fork-only,保留二改,保留二改路径；相关调用按融合后的接口调整。
utils/backgroundStoryJobs.polling.test.ts,fork-only,保留二改,保留二改路径；相关调用按融合后的接口调整。
utils/backgroundStoryJobs.ts,fork-only,保留二改,保留二改路径；相关调用按融合后的接口调整。
utils/backupCoverage.contract.test.ts,fork-only,保留二改,保留二改路径；相关调用按融合后的接口调整。
utils/backupExport.ts,upstream-only,移植上游,保留上游实现；移除业务埋点，必要时适配二改接口。
utils/backupImportPolicy.ts,upstream-only,移植上游,保留上游实现；移除业务埋点，必要时适配二改接口。
utils/backupReminder.ts,upstream-only,移植上游,保留上游实现；移除业务埋点，必要时适配二改接口。
utils/backupRoundtrip.test.ts,upstream-only,移植上游,保留上游实现；移除业务埋点，必要时适配二改接口。
utils/beautyAdminReset.test.ts,upstream-only,移植上游,保留上游实现；移除业务埋点，必要时适配二改接口。
utils/beautyAnalytics.test.ts,upstream-only,不移植统计上报,保留二改不增加统计上报的原则。
utils/beautyAnalytics.ts,upstream-only,不移植统计上报,保留二改不增加统计上报的原则。
utils/beautyAuthorBackup.test.ts,upstream-only,移植上游,保留上游实现；移除业务埋点，必要时适配二改接口。
utils/beautyAuthorBackup.ts,upstream-only,移植上游,保留上游实现；移除业务埋点，必要时适配二改接口。
utils/beautyBackupRoundtrip.test.ts,upstream-only,移植上游,保留上游实现；移除业务埋点，必要时适配二改接口。
utils/beautyCaptureAssets.test.ts,upstream-only,移植上游,保留上游实现；移除业务埋点，必要时适配二改接口。
utils/beautyCaptureAssets.ts,upstream-only,移植上游,保留上游实现；移除业务埋点，必要时适配二改接口。
utils/beautyCaptureWait.test.ts,upstream-only,移植上游,保留上游实现；移除业务埋点，必要时适配二改接口。
utils/beautyCaptureWait.ts,upstream-only,移植上游,保留上游实现；移除业务埋点，必要时适配二改接口。
utils/beautyCatalog.test.ts,upstream-only,移植上游,保留上游实现；移除业务埋点，必要时适配二改接口。
utils/beautyCatalogClient.ts,upstream-only,移植上游,保留上游实现；移除业务埋点，必要时适配二改接口。
utils/beautyCatalogContract.ts,upstream-only,移植上游,保留上游实现；移除业务埋点，必要时适配二改接口。
utils/beautyCatalogUI.test.ts,upstream-only,移植上游,保留上游实现；移除业务埋点，必要时适配二改接口。
utils/beautyCategories.test.ts,upstream-only,移植上游,保留上游实现；移除业务埋点，必要时适配二改接口。
utils/beautyCategories.ts,upstream-only,移植上游,保留上游实现；移除业务埋点，必要时适配二改接口。
utils/beautyChatEntry.test.ts,upstream-only,移植上游,保留上游实现；移除业务埋点，必要时适配二改接口。
utils/beautyCssAttribution.test.ts,upstream-only,移植上游,保留上游实现；移除业务埋点，必要时适配二改接口。
utils/beautyCssAttribution.ts,upstream-only,移植上游,保留上游实现；移除业务埋点，必要时适配二改接口。
utils/beautyImportHub.test.ts,upstream-only,移植上游,保留上游实现；移除业务埋点，必要时适配二改接口。
utils/beautyNavigation.ts,upstream-only,移植上游,保留上游实现；移除业务埋点，必要时适配二改接口。
utils/beautyPreferencesBackup.test.ts,upstream-only,移植上游,保留上游实现；移除业务埋点，必要时适配二改接口。
utils/beautyPreferencesBackup.ts,upstream-only,移植上游,保留上游实现；移除业务埋点，必要时适配二改接口。
utils/beautyPresetPicker.test.ts,upstream-only,移植上游,保留上游实现；移除业务埋点，必要时适配二改接口。
utils/beautyPreview.test.ts,upstream-only,移植上游,保留上游实现；移除业务埋点，必要时适配二改接口。
utils/beautyPreview.ts,upstream-only,移植上游,保留上游实现；移除业务埋点，必要时适配二改接口。
utils/beautyPreviewAssets.test.ts,upstream-only,移植上游,保留上游实现；移除业务埋点，必要时适配二改接口。
utils/beautyPreviewAssets.ts,upstream-only,移植上游,保留上游实现；移除业务埋点，必要时适配二改接口。
utils/beautyPreviewRendering.test.ts,upstream-only,移植上游,保留上游实现；移除业务埋点，必要时适配二改接口。
utils/beautyRepoStatus.ts,upstream-only,移植上游,保留上游实现；移除业务埋点，必要时适配二改接口。
utils/beautyShare.test.ts,upstream-only,移植上游,保留上游实现；移除业务埋点，必要时适配二改接口。
utils/beautyShareClient.ts,upstream-only,移植上游,保留上游实现；移除业务埋点，必要时适配二改接口。
utils/beautyShareConfig.ts,upstream-only,移植上游,保留上游实现；移除业务埋点，必要时适配二改接口。
utils/beautyShareContract.ts,upstream-only,移植上游,保留上游实现；移除业务埋点，必要时适配二改接口。
utils/beautySourceBinding.test.ts,upstream-only,移植上游,保留上游实现；移除业务埋点，必要时适配二改接口。
utils/beautySourceBinding.ts,upstream-only,移植上游,保留上游实现；移除业务埋点，必要时适配二改接口。
utils/beautySubmissionFlow.test.ts,upstream-only,移植上游,保留上游实现；移除业务埋点，必要时适配二改接口。
utils/beautyUnifiedReceive.test.ts,upstream-only,移植上游,保留上游实现；移除业务埋点，必要时适配二改接口。
utils/beautyUpdateNotice.test.ts,upstream-only,移植上游,保留上游实现；移除业务埋点，必要时适配二改接口。
utils/beautyUsage.test.ts,upstream-only,移植上游,保留上游实现；移除业务埋点，必要时适配二改接口。
utils/beautyUsage.ts,upstream-only,移植上游,保留上游实现；移除业务埋点，必要时适配二改接口。
utils/beautyWardrobe.test.ts,upstream-only,移植上游,保留上游实现；移除业务埋点，必要时适配二改接口。
utils/blankFingers.test.ts,upstream-only,移植上游,保留上游实现；移除业务埋点，必要时适配二改接口。
utils/blankMotion.test.ts,upstream-only,移植上游,保留上游实现；移除业务埋点，必要时适配二改接口。
utils/blankRig.test.ts,upstream-only,移植上游,保留上游实现；移除业务埋点，必要时适配二改接口。
utils/blobBackup.test.ts,fork-only,保留二改,保留二改路径；相关调用按融合后的接口调整。
utils/blobBackup.ts,fork-only,保留二改,保留二改路径；相关调用按融合后的接口调整。
utils/blobDedupe.test.ts,upstream-only,移植上游,保留上游实现；移除业务埋点，必要时适配二改接口。
utils/blobGc.test.ts,upstream-only,移植上游,保留上游实现；移除业务埋点，必要时适配二改接口。
utils/blobGc.ts,upstream-only,移植上游,保留上游实现；移除业务埋点，必要时适配二改接口。
utils/blobRef.ts,shared-change,三方融合并核对,保留双方不重叠代码，按当前契约验证调用点。
utils/blobStore.ts,upstream-only,移植上游,保留上游实现；移除业务埋点，必要时适配二改接口。
utils/buildInfo.ts,shared-change,手工融合完成,Keep Android release version injection; share upstream v3.13 appVersion module with offline update protocol.
utils/builtinAppearance.test.ts,upstream-only,移植上游,保留上游实现；移除业务埋点，必要时适配二改接口。
utils/builtinAppearance.ts,upstream-only,移植上游,保留上游实现；移除业务埋点，必要时适配二改接口。
utils/builtinImageMcp.preferredEngine.test.ts,fork-only,保留二改,保留二改路径；相关调用按融合后的接口调整。
utils/builtinImageMcp.ts,fork-only,保留二改,保留二改路径；相关调用按融合后的接口调整。
utils/builtinSullyLive2D.ts,shared-change,手工融合完成,Equivalent framing boolean default with new upstream model assets.
utils/builtinWhitebox.test.ts,upstream-only,移植上游,保留上游实现；移除业务埋点，必要时适配二改接口。
utils/builtinWhitebox.ts,upstream-only,移植上游,保留上游实现；移除业务埋点，必要时适配二改接口。
utils/callAppRuntimeReferences.test.ts,upstream-only,移植上游,保留上游实现；移除业务埋点，必要时适配二改接口。
utils/callCameraSwitch.test.ts,upstream-only,移植上游,保留上游实现；移除业务埋点，必要时适配二改接口。
utils/cameraAnalytics.test.ts,upstream-only,不移植统计上报,保留二改不增加统计上报的原则。
utils/cameraAnalytics.ts,upstream-only,不移植统计上报,保留二改不增加统计上报的原则。
utils/cameraCapture.test.ts,upstream-only,移植上游,保留上游实现；移除业务埋点，必要时适配二改接口。
utils/cameraCapture.ts,upstream-only,移植上游,保留上游实现；移除业务埋点，必要时适配二改接口。
utils/cameraDecorations.test.ts,upstream-only,移植上游,保留上游实现；移除业务埋点，必要时适配二改接口。
utils/cameraDecorations.ts,upstream-only,移植上游,保留上游实现；移除业务埋点，必要时适配二改接口。
utils/cameraFrames.test.ts,upstream-only,移植上游,保留上游实现；移除业务埋点，必要时适配二改接口。
utils/cameraFrames.ts,upstream-only,移植上游,保留上游实现；移除业务埋点，必要时适配二改接口。
utils/cameraGpuEffects.ts,upstream-only,移植上游,保留上游实现；移除业务埋点，必要时适配二改接口。
utils/cameraLighting.test.ts,upstream-only,移植上游,保留上游实现；移除业务埋点，必要时适配二改接口。
utils/cameraLighting.ts,upstream-only,移植上游,保留上游实现；移除业务埋点，必要时适配二改接口。
utils/cameraPhotoEffects.test.ts,upstream-only,移植上游,保留上游实现；移除业务埋点，必要时适配二改接口。
utils/cameraPhotoEffects.ts,upstream-only,移植上游,保留上游实现；移除业务埋点，必要时适配二改接口。
utils/cameraPreview.test.ts,upstream-only,移植上游,保留上游实现；移除业务埋点，必要时适配二改接口。
utils/cameraPreview.ts,upstream-only,移植上游,保留上游实现；移除业务埋点，必要时适配二改接口。
utils/cameraStickerGesture.test.ts,upstream-only,移植上游,保留上游实现；移除业务埋点，必要时适配二改接口。
utils/cameraStickerGesture.ts,upstream-only,移植上游,保留上游实现；移除业务埋点，必要时适配二改接口。
utils/cameraStickerSources.test.ts,upstream-only,移植上游,保留上游实现；移除业务埋点，必要时适配二改接口。
utils/cameraStickerSources.ts,upstream-only,移植上游,保留上游实现；移除业务埋点，必要时适配二改接口。
utils/cedarToyMcpAdapter.backup.test.ts,fork-only,保留二改,保留二改路径；相关调用按融合后的接口调整。
utils/cedarToyMcpAdapter.test.ts,fork-only,保留二改,保留二改路径；相关调用按融合后的接口调整。
utils/cedarToyMcpAdapter.ts,fork-only,保留二改,保留二改路径；相关调用按融合后的接口调整。
utils/charMusicPersona.ts,upstream-only,移植上游,保留上游实现；移除业务埋点，必要时适配二改接口。
utils/characterApi.test.ts,upstream-only,移植上游,保留上游实现；移除业务埋点，必要时适配二改接口。
utils/characterApi.ts,upstream-only,移植上游,保留上游实现；移除业务埋点，必要时适配二改接口。
utils/characterApiPanel.test.ts,upstream-only,移植上游,保留上游实现；移除业务埋点，必要时适配二改接口。
utils/characterApiPersistence.test.ts,upstream-only,移植上游,保留上游实现；移除业务埋点，必要时适配二改接口。
utils/characterCard.test.ts,upstream-only,移植上游,保留上游实现；移除业务埋点，必要时适配二改接口。
utils/characterCard.ts,upstream-only,移植上游,保留上游实现；移除业务埋点，必要时适配二改接口。
utils/characterExternalAccountStore.ts,fork-only,保留二改,保留二改路径；相关调用按融合后的接口调整。
utils/characterRemark.test.ts,upstream-only,移植上游,保留上游实现；移除业务埋点，必要时适配二改接口。
utils/characterRemark.ts,upstream-only,移植上游,保留上游实现；移除业务埋点，必要时适配二改接口。
utils/characterResponsePrinciples.ts,upstream-only,移植上游,保留上游实现；移除业务埋点，必要时适配二改接口。
utils/characterStats.test.ts,upstream-only,移植上游,保留上游实现；移除业务埋点，必要时适配二改接口。
utils/characterStats.ts,upstream-only,移植上游,保留上游实现；移除业务埋点，必要时适配二改接口。
utils/chatArchivedRange.test.ts,upstream-only,移植上游,保留上游实现；移除业务埋点，必要时适配二改接口。
utils/chatAutoReply.test.ts,upstream-only,移植上游,保留上游实现；移除业务埋点，必要时适配二改接口。
utils/chatBackgroundBlobRef.test.ts,upstream-only,移植上游,保留上游实现；移除业务埋点，必要时适配二改接口。
utils/chatBroadcastParallel.test.ts,upstream-only,移植上游,保留上游实现；移除业务埋点，必要时适配二改接口。
utils/chatContextRange.ts,upstream-only,移植上游,保留上游实现；移除业务埋点，必要时适配二改接口。
utils/chatContextRecovery.test.ts,upstream-only,移植上游,保留上游实现；移除业务埋点，必要时适配二改接口。
utils/chatContextRecovery.ts,upstream-only,移植上游,保留上游实现；移除业务埋点，必要时适配二改接口。
utils/chatContinuation.ts,upstream-only,移植上游,保留上游实现；移除业务埋点，必要时适配二改接口。
utils/chatDecoration.test.ts,upstream-only,移植上游,保留上游实现；移除业务埋点，必要时适配二改接口。
utils/chatDecoration.ts,upstream-only,移植上游,保留上游实现；移除业务埋点，必要时适配二改接口。
utils/chatEntryTransition.test.ts,upstream-only,移植上游,保留上游实现；移除业务埋点，必要时适配二改接口。
utils/chatGenEvents.test.ts,upstream-only,移植上游,保留上游实现；移除业务埋点，必要时适配二改接口。
utils/chatGenEvents.ts,shared-change,手工融合完成,"Same event names, updated explanation."
utils/chatHeaderStatus.test.ts,upstream-only,移植上游,保留上游实现；移除业务埋点，必要时适配二改接口。
utils/chatHistoryCleanup.ts,upstream-only,移植上游,保留上游实现；移除业务埋点，必要时适配二改接口。
utils/chatImage.test.ts,fork-only,保留二改,保留二改路径；相关调用按融合后的接口调整。
utils/chatImage.ts,fork-only,保留二改,保留二改路径；相关调用按融合后的接口调整。
utils/chatImageScrollRuntimeReferences.test.ts,upstream-only,移植上游,保留上游实现；移除业务埋点，必要时适配二改接口。
utils/chatImageViewer.contract.test.ts,fork-only,保留二改,保留二改路径；相关调用按融合后的接口调整。
utils/chatImageViewer.test.ts,fork-only,保留二改,保留二改路径；相关调用按融合后的接口调整。
utils/chatImageViewer.ts,fork-only,保留二改,保留二改路径；相关调用按融合后的接口调整。
utils/chatInputEmojis.test.ts,upstream-only,移植上游,保留上游实现；移除业务埋点，必要时适配二改接口。
utils/chatInputInteraction.test.ts,upstream-only,移植上游,保留上游实现；移除业务埋点，必要时适配二改接口。
utils/chatInputPreferences.ts,upstream-only,移植上游,保留上游实现；移除业务埋点，必要时适配二改接口。
utils/chatMessageGrouping.test.ts,upstream-only,移植上游,保留上游实现；移除业务埋点，必要时适配二改接口。
utils/chatMessageGrouping.ts,upstream-only,移植上游,保留上游实现；移除业务埋点，必要时适配二改接口。
utils/chatMessageVisibility.test.ts,upstream-only,移植上游,保留上游实现；移除业务埋点，必要时适配二改接口。
utils/chatMessageVisibility.ts,upstream-only,移植上游,保留上游实现；移除业务埋点，必要时适配二改接口。
utils/chatParser.amsg2Replay.test.ts,upstream-only,移植上游,保留上游实现；移除业务埋点，必要时适配二改接口。
utils/chatParser.ts,upstream-only,移植上游,保留上游实现；移除业务埋点，必要时适配二改接口。
utils/chatPreviewFixtures.ts,upstream-only,移植上游,保留上游实现；移除业务埋点，必要时适配二改接口。
utils/chatPrompts.emojiVisibility.test.ts,fork-only,保留二改,保留二改路径；相关调用按融合后的接口调整。
utils/chatPrompts.firePack.test.ts,upstream-only,移植上游,保留上游实现；移除业务埋点，必要时适配二改接口。
utils/chatPrompts.gifVision.test.ts,fork-only,保留二改,保留二改路径；相关调用按融合后的接口调整。
utils/chatPrompts.mcpGeneratedImage.test.ts,fork-only,保留二改,保留二改路径；相关调用按融合后的接口调整。
utils/chatPrompts.scheduleClock.test.ts,upstream-only,移植上游,保留上游实现；移除业务埋点，必要时适配二改接口。
utils/chatPrompts.ts,shared-change,手工融合完成,Adopt message-role/depth worldbook assembly and holidays; retain fork GIF/blob vision conversion instead of raw image content.
utils/chatReplyCancellation.test.ts,upstream-only,移植上游,保留上游实现；移除业务埋点，必要时适配二改接口。
utils/chatReplyCancellation.ts,upstream-only,移植上游,保留上游实现；移除业务埋点，必要时适配二改接口。
utils/chatReplyLifecycle.test.ts,upstream-only,移植上游,保留上游实现；移除业务埋点，必要时适配二改接口。
utils/chatReplyLock.test.ts,upstream-only,移植上游,保留上游实现；移除业务埋点，必要时适配二改接口。
utils/chatReplyLock.ts,upstream-only,移植上游,保留上游实现；移除业务埋点，必要时适配二改接口。
utils/chatRequestGuard.test.ts,upstream-only,移植上游,保留上游实现；移除业务埋点，必要时适配二改接口。
utils/chatRequestGuard.ts,upstream-only,移植上游,保留上游实现；移除业务埋点，必要时适配二改接口。
utils/chatRequestPayload.gallery.test.ts,fork-only,保留二改,保留二改路径；相关调用按融合后的接口调整。
utils/chatRequestPayload.gameHall.test.ts,fork-only,保留二改,保留二改路径；相关调用按融合后的接口调整。
utils/chatRequestPayload.test.ts,shared-change,手工融合完成,Cover fork user-only sticker recognition plus upstream SAR and single worldbook depth injection.
utils/chatRequestPayload.ts,shared-change,手工融合完成,"One worldbook pipeline, retaining fork ephemeral task messages, unrestricted history emoji recognition, MCP permissions and Game Hall instructions alongside upstream SAR/home context."
utils/chatResponseCachePolicy.test.ts,fork-only,保留二改,保留二改路径；相关调用按融合后的接口调整。
utils/chatResponseCachePolicy.ts,fork-only,保留二改,保留二改路径；相关调用按融合后的接口调整。
utils/chatShareLinks.test.ts,upstream-only,移植上游,保留上游实现；移除业务埋点，必要时适配二改接口。
utils/chatWhitebox.test.ts,upstream-only,移植上游,保留上游实现；移除业务埋点，必要时适配二改接口。
utils/chatWhitebox.ts,upstream-only,移植上游,保留上游实现；移除业务埋点，必要时适配二改接口。
utils/checkPhoneApi.test.ts,fork-only,保留二改,保留二改路径；相关调用按融合后的接口调整。
utils/checkPhoneApi.ts,fork-only,保留二改,保留二改路径；相关调用按融合后的接口调整。
utils/chibiBathroomMotion.test.ts,upstream-only,移植上游,保留上游实现；移除业务埋点，必要时适配二改接口。
utils/chibiBedContact.test.ts,upstream-only,移植上游,保留上游实现；移除业务埋点，必要时适配二改接口。
utils/chibiBedLeisure.test.ts,upstream-only,移植上游,保留上游实现；移除业务埋点，必要时适配二改接口。
utils/chibiBedroomMotion.test.ts,upstream-only,移植上游,保留上游实现；移除业务埋点，必要时适配二改接口。
utils/chibiBodyGeometry.test.ts,upstream-only,移植上游,保留上游实现；移除业务埋点，必要时适配二改接口。
utils/chibiCoffeeGrip.test.ts,upstream-only,移植上游,保留上游实现；移除业务埋点，必要时适配二改接口。
utils/chibiComputerMotion.test.ts,upstream-only,移植上游,保留上游实现；移除业务埋点，必要时适配二改接口。
utils/chibiFace.test.ts,upstream-only,移植上游,保留上游实现；移除业务埋点，必要时适配二改接口。
utils/chibiFaceTint.test.ts,upstream-only,移植上游,保留上游实现；移除业务埋点，必要时适配二改接口。
utils/chibiFurnitureMotion.test.ts,upstream-only,移植上游,保留上游实现；移除业务埋点，必要时适配二改接口。
utils/chibiHair.test.ts,upstream-only,移植上游,保留上游实现；移除业务埋点，必要时适配二改接口。
utils/chibiHairSeam.test.ts,upstream-only,移植上游,保留上游实现；移除业务埋点，必要时适配二改接口。
utils/chibiHairShell.test.ts,upstream-only,移植上游,保留上游实现；移除业务埋点，必要时适配二改接口。
utils/chibiIntimacy.test.ts,upstream-only,移植上游,保留上游实现；移除业务埋点，必要时适配二改接口。
utils/chibiMeshyMotions.test.ts,upstream-only,移植上游,保留上游实现；移除业务埋点，必要时适配二改接口。
utils/chibiMirrorGrooming.test.ts,upstream-only,移植上游,保留上游实现；移除业务埋点，必要时适配二改接口。
utils/chibiProportions.test.ts,upstream-only,移植上游,保留上游实现；移除业务埋点，必要时适配二改接口。
utils/chibiPuff.test.ts,upstream-only,移植上游,保留上游实现；移除业务埋点，必要时适配二改接口。
utils/chibiRearHairLiner.test.ts,upstream-only,移植上游,保留上游实现；移除业务埋点，必要时适配二改接口。
utils/chibiRoomMotion.test.ts,upstream-only,移植上游,保留上游实现；移除业务埋点，必要时适配二改接口。
utils/chibiRoomWalk.test.ts,upstream-only,移植上游,保留上游实现；移除业务埋点，必要时适配二改接口。
utils/chibiSocial.test.ts,upstream-only,移植上游,保留上游实现；移除业务埋点，必要时适配二改接口。
utils/chibiSocialFacing.test.ts,upstream-only,移植上游,保留上游实现；移除业务埋点，必要时适配二改接口。
utils/chibiSocialProps.test.ts,upstream-only,移植上游,保留上游实现；移除业务埋点，必要时适配二改接口。
utils/chibiWaterGrip.test.ts,upstream-only,移植上游,保留上游实现；移除业务埋点，必要时适配二改接口。
utils/chunkLoadRecovery.test.ts,shared-change,手工融合完成,Cover both native update cache refresh and new module-error recovery.
utils/chunkLoadRecovery.ts,shared-change,三方融合并核对,保留双方不重叠代码，按当前契约验证调用点。
utils/closeFootwearSeams.test.ts,upstream-only,移植上游,保留上游实现；移除业务埋点，必要时适配二改接口。
utils/clothingMaskMotion.test.ts,upstream-only,移植上游,保留上游实现；移除业务埋点，必要时适配二改接口。
utils/collaborationChatBridge.test.ts,upstream-only,移植上游,保留上游实现；移除业务埋点，必要时适配二改接口。
utils/collaborationContext.test.ts,upstream-only,移植上游,保留上游实现；移除业务埋点，必要时适配二改接口。
utils/collaborationMakerSelection.test.ts,upstream-only,移植上游,保留上游实现；移除业务埋点，必要时适配二改接口。
utils/collaborationMakers.test.ts,upstream-only,移植上游,保留上游实现；移除业务埋点，必要时适配二改接口。
utils/collaborationMcp.test.ts,upstream-only,移植上游,保留上游实现；移除业务埋点，必要时适配二改接口。
utils/collaborationWiring.test.ts,upstream-only,移植上游,保留上游实现；移除业务埋点，必要时适配二改接口。
utils/colorWheel.test.ts,upstream-only,移植上游,保留上游实现；移除业务埋点，必要时适配二改接口。
utils/colorWheel.ts,upstream-only,移植上游,保留上游实现；移除业务埋点，必要时适配二改接口。
utils/colorWheelUI.test.ts,upstream-only,移植上游,保留上游实现；移除业务埋点，必要时适配二改接口。
utils/companionAnalyticsRuntime.test.ts,fork-only,保留二改,保留二改路径；相关调用按融合后的接口调整。
utils/companionAvatar.test.ts,upstream-only,移植上游,保留上游实现；移除业务埋点，必要时适配二改接口。
utils/companionAvatar.ts,upstream-only,移植上游,保留上游实现；移除业务埋点，必要时适配二改接口。
utils/companionHomeRuntimeReferences.test.ts,upstream-only,移植上游,保留上游实现；移除业务埋点，必要时适配二改接口。
utils/companionStartup.ts,upstream-only,移植上游,保留上游实现；移除业务埋点，必要时适配二改接口。
utils/configCheckFetchGuard.ts,fork-only,保留二改,保留二改路径；相关调用按融合后的接口调整。
utils/contentFavorites.test.ts,upstream-only,移植上游,保留上游实现；移除业务埋点，必要时适配二改接口。
utils/contentFavorites.ts,upstream-only,移植上游,保留上游实现；移除业务埋点，必要时适配二改接口。
utils/context.ts,shared-change,手工融合完成,Use upstream centralized character/worldbook pipeline; relocate fork emotion sanitation into the new shared emotion builder.
utils/contextEmotion.test.ts,upstream-only,移植上游,保留上游实现；移除业务埋点，必要时适配二改接口。
utils/contextEntryParity.test.ts,upstream-only,移植上游,保留上游实现；移除业务埋点，必要时适配二改接口。
utils/contextMemories.ts,upstream-only,移植上游,保留上游实现；移除业务埋点，必要时适配二改接口。
utils/contextPipeline.test.ts,upstream-only,移植上游,保留上游实现；移除业务埋点，必要时适配二改接口。
utils/contextSchedule.test.ts,upstream-only,移植上游,保留上游实现；移除业务埋点，必要时适配二改接口。
utils/contextVolatileSplit.test.ts,upstream-only,移植上游,保留上游实现；移除业务埋点，必要时适配二改接口。
utils/contextWorldbook.test.ts,upstream-only,移植上游,保留上游实现；移除业务埋点，必要时适配二改接口。
utils/conversationFacing.test.ts,upstream-only,移植上游,保留上游实现；移除业务埋点，必要时适配二改接口。
utils/cssImageAssets.test.ts,upstream-only,移植上游,保留上游实现；移除业务埋点，必要时适配二改接口。
utils/cssImageAssets.ts,upstream-only,移植上游,保留上游实现；移除业务埋点，必要时适配二改接口。
utils/cssImagePlaceholders.test.ts,upstream-only,移植上游,保留上游实现；移除业务埋点，必要时适配二改接口。
utils/cssImagePlaceholders.ts,upstream-only,移植上游,保留上游实现；移除业务埋点，必要时适配二改接口。
utils/cssImageRendering.test.ts,upstream-only,移植上游,保留上游实现；移除业务埋点，必要时适配二改接口。
utils/cssRuleSelectors.ts,upstream-only,移植上游,保留上游实现；移除业务埋点，必要时适配二改接口。
utils/databaseGuard.test.ts,upstream-only,移植上游,保留上游实现；移除业务埋点，必要时适配二改接口。
utils/databaseHealth.test.ts,upstream-only,移植上游,保留上游实现；移除业务埋点，必要时适配二改接口。
utils/databaseHealth.ts,upstream-only,移植上游,保留上游实现；移除业务埋点，必要时适配二改接口。
utils/databaseOpenDiagnostics.test.ts,upstream-only,移植上游,保留上游实现；移除业务埋点，必要时适配二改接口。
utils/databaseOpenDiagnostics.ts,upstream-only,移植上游,保留上游实现；移除业务埋点，必要时适配二改接口。
utils/databaseStartup.test.ts,upstream-only,移植上游,保留上游实现；移除业务埋点，必要时适配二改接口。
utils/dateCgArchitecture.contract.test.ts,fork-only,保留二改,保留二改路径；相关调用按融合后的接口调整。
utils/dateCgPlanner.test.ts,fork-only,保留二改,保留二改路径；相关调用按融合后的接口调整。
utils/dateCgPlanner.ts,fork-only,保留二改,保留二改路径；相关调用按融合后的接口调整。
utils/dateEntryFlow.test.ts,upstream-only,移植上游,保留上游实现；移除业务埋点，必要时适配二改接口。
utils/dateExtraEditor.test.ts,upstream-only,移植上游,保留上游实现；移除业务埋点，必要时适配二改接口。
utils/dateExtraPresets.test.ts,upstream-only,移植上游,保留上游实现；移除业务埋点，必要时适配二改接口。
utils/dateHistory.test.ts,upstream-only,移植上游,保留上游实现；移除业务埋点，必要时适配二改接口。
utils/dateHistory.ts,upstream-only,移植上游,保留上游实现；移除业务埋点，必要时适配二改接口。
utils/dateMessagePagination.test.ts,upstream-only,移植上游,保留上游实现；移除业务埋点，必要时适配二改接口。
utils/datePrompts.test.ts,upstream-only,移植上游,保留上游实现；移除业务埋点，必要时适配二改接口。
utils/datePrompts.ts,upstream-only,移植上游,保留上游实现；移除业务埋点，必要时适配二改接口。
utils/datePromptsTimezone.test.ts,upstream-only,移植上游,保留上游实现；移除业务埋点，必要时适配二改接口。
utils/dateSettingsLayout.test.ts,upstream-only,移植上游,保留上游实现；移除业务埋点，必要时适配二改接口。
utils/dateSpriteBlobRef.test.ts,fork-only,保留二改,保留二改路径；相关调用按融合后的接口调整。
utils/db.apiCallLog.test.ts,fork-only,保留二改,保留二改路径；相关调用按融合后的接口调整。
utils/db.apiCallLogBackup.test.ts,fork-only,保留二改,保留二改路径；相关调用按融合后的接口调整。
utils/db.appExperiences.test.ts,fork-only,保留二改,保留二改路径；相关调用按融合后的接口调整。
utils/db.charGroups.test.ts,fork-only,保留二改,保留二改路径；相关调用按融合后的接口调整。
utils/db.emojiBlob.test.ts,fork-only,保留二改,保留二改路径；相关调用按融合后的接口调整。
utils/db.hwmSelfHeal.test.ts,upstream-only,移植上游,保留上游实现；移除业务埋点，必要时适配二改接口。
utils/db.masterMergeMigration.test.ts,upstream-only,移植上游,保留上游实现；移除业务埋点，必要时适配二改接口。
utils/db.simlog.test.ts,fork-only,保留二改,保留二改路径；相关调用按融合后的接口调整。
utils/db.test.ts,upstream-only,移植上游,保留上游实现；移除业务埋点，必要时适配二改接口。
utils/db.ts,shared-change,手工融合完成,"Union imports and schema, advance v78 to v79, retain every fork export store and high-watermark healing, add upstream backup options and migrations."
utils/decorationApplication.test.ts,upstream-only,移植上游,保留上游实现；移除业务埋点，必要时适配二改接口。
utils/decorationApplication.ts,upstream-only,移植上游,保留上游实现；移除业务埋点，必要时适配二改接口。
utils/decorationComposer.test.ts,upstream-only,移植上游,保留上游实现；移除业务埋点，必要时适配二改接口。
utils/decorationGuide.test.ts,upstream-only,移植上游,保留上游实现；移除业务埋点，必要时适配二改接口。
utils/decorationGuide.ts,upstream-only,移植上游,保留上游实现；移除业务埋点，必要时适配二改接口。
utils/decorationLibrary.test.ts,upstream-only,移植上游,保留上游实现；移除业务埋点，必要时适配二改接口。
utils/decorationLibrary.ts,upstream-only,移植上游,保留上游实现；移除业务埋点，必要时适配二改接口。
utils/decorationMediaBackup.test.ts,upstream-only,移植上游,保留上游实现；移除业务埋点，必要时适配二改接口。
utils/decorationMediaBackup.ts,upstream-only,移植上游,保留上游实现；移除业务埋点，必要时适配二改接口。
utils/decorationPreviewInteraction.test.ts,upstream-only,移植上游,保留上游实现；移除业务埋点，必要时适配二改接口。
utils/decorationPreviewInteraction.ts,upstream-only,移植上游,保留上游实现；移除业务埋点，必要时适配二改接口。
utils/decorationPreviewScenes.test.ts,upstream-only,移植上游,保留上游实现；移除业务埋点，必要时适配二改接口。
utils/decorationPreviewScenes.ts,upstream-only,移植上游,保留上游实现；移除业务埋点，必要时适配二改接口。
utils/decorationReset.test.ts,upstream-only,移植上游,保留上游实现；移除业务埋点，必要时适配二改接口。
utils/decorationReset.ts,upstream-only,移植上游,保留上游实现；移除业务埋点，必要时适配二改接口。
utils/decorationWorkshop.test.ts,upstream-only,移植上游,保留上游实现；移除业务埋点，必要时适配二改接口。
utils/decorationWorkshop.ts,upstream-only,移植上游,保留上游实现；移除业务埋点，必要时适配二改接口。
utils/devDebug.ts,shared-change,三方融合并核对,保留双方不重叠代码，按当前契约验证调用点。
utils/devDebugEntry.test.ts,fork-only,保留二改,保留二改路径；相关调用按融合后的接口调整。
utils/elevenLabsTts.test.ts,fork-only,保留二改,保留二改路径；相关调用按融合后的接口调整。
utils/elevenLabsTts.ts,fork-only,保留二改,保留二改路径；相关调用按融合后的接口调整。
utils/emojiExport.test.ts,upstream-only,移植上游,保留上游实现；移除业务埋点，必要时适配二改接口。
utils/emojiExport.ts,upstream-only,移植上游,保留上游实现；移除业务埋点，必要时适配二改接口。
utils/emojiImport.test.ts,fork-only,保留二改,保留二改路径；相关调用按融合后的接口调整。
utils/emojiImport.ts,fork-only,保留二改,保留二改路径；相关调用按融合后的接口调整。
utils/emojiSuggestions.test.ts,upstream-only,移植上游,保留上游实现；移除业务埋点，必要时适配二改接口。
utils/emojiSuggestions.ts,upstream-only,移植上游,保留上游实现；移除业务埋点，必要时适配二改接口。
utils/emotionApply.test.ts,shared-change,手工融合完成,Retain fork sanitation/pronoun/latest-character assertions using atomic emotion writes.
utils/emotionApply.ts,shared-change,手工融合完成,"Keep fork reasoning sanitation, pronoun correction, stale-result suppression and buff reconciliation; add independent home secret storage and atomic emotion-only writes."
utils/emotionEvalCore.ts,shared-change,手工融合完成,Preserve fork six-role-message low-temperature JSON evaluation and add trusted home secret correlation.
utils/emotionPronounCorrection.integration.test.ts,fork-only,保留二改,保留二改路径；相关调用按融合后的接口调整。
utils/emotionState.ts,upstream-only,移植上游,保留上游实现；移除业务埋点，必要时适配二改接口。
utils/emotionText.ts,fork-only,保留二改,保留二改路径；相关调用按融合后的接口调整。
utils/emotionUserReference.test.ts,fork-only,保留二改,保留二改路径；相关调用按融合后的接口调整。
utils/emotionUserReference.ts,fork-only,保留二改,保留二改路径；相关调用按融合后的接口调整。
utils/failedImageJobCardSelection.contract.test.ts,fork-only,保留二改,保留二改路径；相关调用按融合后的接口调整。
utils/featureWiring.guestbookPhoneApi.test.ts,upstream-only,移植上游,保留上游实现；移除业务埋点，必要时适配二改接口。
utils/feedbackContext.test.ts,upstream-only,移植上游,保留上游实现；移除业务埋点，必要时适配二改接口。
utils/feedbackInvitation.test.ts,upstream-only,移植上游,保留上游实现；移除业务埋点，必要时适配二改接口。
utils/feedbackInvitation.ts,upstream-only,移植上游,保留上游实现；移除业务埋点，必要时适配二改接口。
utils/feedbackInvitationUI.test.ts,upstream-only,移植上游,保留上游实现；移除业务埋点，必要时适配二改接口。
utils/figurePreview.test.ts,upstream-only,移植上游,保留上游实现；移除业务埋点，必要时适配二改接口。
utils/figureSlider.test.ts,upstream-only,移植上游,保留上游实现；移除业务埋点，必要时适配二改接口。
utils/file.ts,upstream-only,移植上游,保留上游实现；移除业务埋点，必要时适配二改接口。
utils/fileOrImageImport.test.ts,upstream-only,移植上游,保留上游实现；移除业务埋点，必要时适配二改接口。
utils/firecrawl.ts,fork-only,保留二改,保留二改路径；相关调用按融合后的接口调整。
utils/firstUseGuide.test.ts,upstream-only,移植上游,保留上游实现；移除业务埋点，必要时适配二改接口。
utils/firstUseGuide.ts,upstream-only,移植上游,保留上游实现；移除业务埋点，必要时适配二改接口。
utils/fishingGameInteraction.test.ts,upstream-only,移植上游,保留上游实现；移除业务埋点，必要时适配二改接口。
utils/fullscreenSettings.test.ts,upstream-only,移植上游,保留上游实现；移除业务埋点，必要时适配二改接口。
utils/furnitureSearch.test.ts,upstream-only,移植上游,保留上游实现；移除业务埋点，必要时适配二改接口。
utils/galleryExport.test.ts,fork-only,保留二改,保留二改路径；相关调用按融合后的接口调整。
utils/galleryExport.ts,fork-only,保留二改,保留二改路径；相关调用按融合后的接口调整。
utils/galleryReview.test.ts,fork-only,保留二改,保留二改路径；相关调用按融合后的接口调整。
utils/galleryReview.ts,fork-only,保留二改,保留二改路径；相关调用按融合后的接口调整。
utils/galleryReviewRequest.test.ts,fork-only,保留二改,保留二改路径；相关调用按融合后的接口调整。
utils/galleryReviewRequest.ts,fork-only,保留二改,保留二改路径；相关调用按融合后的接口调整。
utils/gameHallAccount.test.ts,fork-only,保留二改,保留二改路径；相关调用按融合后的接口调整。
utils/gameHallAccount.ts,fork-only,保留二改,保留二改路径；相关调用按融合后的接口调整。
utils/gameHallAgent.display.test.ts,fork-only,保留二改,保留二改路径；相关调用按融合后的接口调整。
utils/gameHallAgent.test.ts,fork-only,保留二改,保留二改路径；相关调用按融合后的接口调整。
utils/gameHallAgent.ts,fork-only,保留二改,保留二改路径；相关调用按融合后的接口调整。
utils/gameHallAiPreset.contract.test.ts,fork-only,保留二改,保留二改路径；相关调用按融合后的接口调整。
utils/gameHallAiSettings.test.ts,fork-only,保留二改,保留二改路径；相关调用按融合后的接口调整。
utils/gameHallAiSettings.ts,fork-only,保留二改,保留二改路径；相关调用按融合后的接口调整。
utils/gameHallApiPreset.test.ts,fork-only,保留二改,保留二改路径；相关调用按融合后的接口调整。
utils/gameHallApiPreset.ts,fork-only,保留二改,保留二改路径；相关调用按融合后的接口调整。
utils/gameHallApp.contract.test.ts,fork-only,保留二改,保留二改路径；相关调用按融合后的接口调整。
utils/gameHallArchitecture.contract.test.ts,fork-only,保留二改,保留二改路径；相关调用按融合后的接口调整。
utils/gameHallAutoplay.contract.test.ts,fork-only,保留二改,保留二改路径；相关调用按融合后的接口调整。
utils/gameHallAutoplayBackup.contract.test.ts,fork-only,保留二改,保留二改路径；相关调用按融合后的接口调整。
utils/gameHallAutoplayBackup.test.ts,fork-only,保留二改,保留二改路径；相关调用按融合后的接口调整。
utils/gameHallAutoplayBackup.ts,fork-only,保留二改,保留二改路径；相关调用按融合后的接口调整。
utils/gameHallAutoplayIntent.test.ts,fork-only,保留二改,保留二改路径；相关调用按融合后的接口调整。
utils/gameHallAutoplayIntent.ts,fork-only,保留二改,保留二改路径；相关调用按融合后的接口调整。
utils/gameHallAutoplayRunner.test.ts,fork-only,保留二改,保留二改路径；相关调用按融合后的接口调整。
utils/gameHallAutoplayRunner.ts,fork-only,保留二改,保留二改路径；相关调用按融合后的接口调整。
utils/gameHallBackup.db.test.ts,fork-only,保留二改,保留二改路径；相关调用按融合后的接口调整。
utils/gameHallBackup.test.ts,fork-only,保留二改,保留二改路径；相关调用按融合后的接口调整。
utils/gameHallBackup.ts,fork-only,保留二改,保留二改路径；相关调用按融合后的接口调整。
utils/gameHallContext.test.ts,fork-only,保留二改,保留二改路径；相关调用按融合后的接口调整。
utils/gameHallContext.ts,fork-only,保留二改,保留二改路径；相关调用按融合后的接口调整。
utils/gameHallHandoff.test.ts,fork-only,保留二改,保留二改路径；相关调用按融合后的接口调整。
utils/gameHallHandoff.ts,fork-only,保留二改,保留二改路径；相关调用按融合后的接口调整。
utils/gameHallHandoffCard.contract.test.ts,fork-only,保留二改,保留二改路径；相关调用按融合后的接口调整。
utils/gameHallPanelLayout.test.ts,fork-only,保留二改,保留二改路径；相关调用按融合后的接口调整。
utils/gameHallPanelLayout.ts,fork-only,保留二改,保留二改路径；相关调用按融合后的接口调整。
utils/gameHallStore.ts,fork-only,保留二改,保留二改路径；相关调用按融合后的接口调整。
utils/gameHallToolCorrection.test.ts,fork-only,保留二改,保留二改路径；相关调用按融合后的接口调整。
utils/gameHallToolCorrection.ts,fork-only,保留二改,保留二改路径；相关调用按融合后的接口调整。
utils/gameHallTurnBatch.test.ts,fork-only,保留二改,保留二改路径；相关调用按融合后的接口调整。
utils/gameHallTypes.ts,fork-only,保留二改,保留二改路径；相关调用按融合后的接口调整。
utils/gameHallWebView.ts,fork-only,保留二改,保留二改路径；相关调用按融合后的接口调整。
utils/garmentCollar.test.ts,upstream-only,移植上游,保留上游实现；移除业务埋点，必要时适配二改接口。
utils/garmentFit.test.ts,upstream-only,移植上游,保留上游实现；移除业务埋点，必要时适配二改接口。
utils/garmentHem.test.ts,upstream-only,移植上游,保留上游实现；移除业务埋点，必要时适配二改接口。
utils/garmentLayering.test.ts,upstream-only,移植上游,保留上游实现；移除业务埋点，必要时适配二改接口。
utils/garmentMotionFit.test.ts,upstream-only,移植上游,保留上游实现；移除业务埋点，必要时适配二改接口。
utils/generatedImageInspect.ts,fork-only,保留二改,保留二改路径；相关调用按融合后的接口调整。
utils/githubClient.test.ts,upstream-only,移植上游,保留上游实现；移除业务埋点，必要时适配二改接口。
utils/groupChat/dispatch.test.ts,upstream-only,移植上游,保留上游实现；移除业务埋点，必要时适配二改接口。
utils/groupChat/dispatch.ts,shared-change,三方融合并核对,保留双方不重叠代码，按当前契约验证调用点。
utils/groupChat/mcp.ts,fork-only,保留二改,保留二改路径；相关调用按融合后的接口调整。
utils/groupChat/parse.test.ts,upstream-only,移植上游,保留上游实现；移除业务埋点，必要时适配二改接口。
utils/groupChat/parse.ts,upstream-only,移植上游,保留上游实现；移除业务埋点，必要时适配二改接口。
utils/groupChat/prompts.test.ts,fork-only,保留二改,保留二改路径；相关调用按融合后的接口调整。
utils/groupChat/prompts.ts,shared-change,手工融合完成,Combine upstream no-copy warning with fork per-role emoji permission boundary.
utils/groupSharedScene.test.ts,upstream-only,移植上游,保留上游实现；移除业务埋点，必要时适配二改接口。
utils/guidebookPrompts.ts,upstream-only,移植上游,保留上游实现；移除业务埋点，必要时适配二改接口。
utils/handbookGenerator.ts,upstream-only,移植上游,保留上游实现；移除业务埋点，必要时适配二改接口。
utils/handbookOrchestrator.ts,upstream-only,移植上游,保留上游实现；移除业务埋点，必要时适配二改接口。
utils/home3DBackup.test.ts,upstream-only,移植上游,保留上游实现；移除业务埋点，必要时适配二改接口。
utils/home3DBackup.ts,upstream-only,移植上游,保留上游实现；移除业务埋点，必要时适配二改接口。
utils/homeActivityContext.test.ts,upstream-only,移植上游,保留上游实现；移除业务埋点，必要时适配二改接口。
utils/homeActivityContext.ts,upstream-only,移植上游,保留上游实现；移除业务埋点，必要时适配二改接口。
utils/homeAnalytics.test.ts,upstream-only,不移植统计上报,保留二改不增加统计上报的原则。
utils/homeAnalytics.ts,upstream-only,不移植统计上报,保留二改不增加统计上报的原则。
utils/homeAssetCancellation.test.ts,upstream-only,移植上游,保留上游实现；移除业务埋点，必要时适配二改接口。
utils/homeAssetCancellation.ts,upstream-only,移植上游,保留上游实现；移除业务埋点，必要时适配二改接口。
utils/homeAutonomy.ts,upstream-only,移植上游,保留上游实现；移除业务埋点，必要时适配二改接口。
utils/homeAutonomyHook.test.ts,upstream-only,移植上游,保留上游实现；移除业务埋点，必要时适配二改接口。
utils/homeChatEntryParity.test.ts,upstream-only,移植上游,保留上游实现；移除业务埋点，必要时适配二改接口。
utils/homeChatPipelineParity.test.ts,upstream-only,移植上游,保留上游实现；移除业务埋点，必要时适配二改接口。
utils/homeCompanion.test.ts,upstream-only,移植上游,保留上游实现；移除业务埋点，必要时适配二改接口。
utils/homeCompanion.ts,upstream-only,移植上游,保留上游实现；移除业务埋点，必要时适配二改接口。
utils/homeCompanionDebug.test.ts,upstream-only,移植上游,保留上游实现；移除业务埋点，必要时适配二改接口。
utils/homeCompanionDebug.ts,upstream-only,移植上游,保留上游实现；移除业务埋点，必要时适配二改接口。
utils/homeCompanionHook.test.ts,upstream-only,移植上游,保留上游实现；移除业务埋点，必要时适配二改接口。
utils/homeCompanionPolicy.test.ts,upstream-only,移植上游,保留上游实现；移除业务埋点，必要时适配二改接口。
utils/homeCompanionPolicy.ts,upstream-only,移植上游,保留上游实现；移除业务埋点，必要时适配二改接口。
utils/homeContextSegments.integration.test.ts,upstream-only,移植上游,保留上游实现；移除业务埋点，必要时适配二改接口。
utils/homeContextSegments.test.ts,upstream-only,移植上游,保留上游实现；移除业务埋点，必要时适配二改接口。
utils/homeContextSegments.ts,upstream-only,移植上游,保留上游实现；移除业务埋点，必要时适配二改接口。
utils/homeConversation.ts,upstream-only,移植上游,保留上游实现；移除业务埋点，必要时适配二改接口。
utils/homeConversationMemory.test.ts,upstream-only,移植上游,保留上游实现；移除业务埋点，必要时适配二改接口。
utils/homeDefinition.test.ts,upstream-only,移植上游,保留上游实现；移除业务埋点，必要时适配二改接口。
utils/homeDefinitionContext.test.ts,upstream-only,移植上游,保留上游实现；移除业务埋点，必要时适配二改接口。
utils/homeDefinitionContext.ts,upstream-only,移植上游,保留上游实现；移除业务埋点，必要时适配二改接口。
utils/homeDialogueApi.test.ts,upstream-only,移植上游,保留上游实现；移除业务埋点，必要时适配二改接口。
utils/homeEditorLifecycle.test.ts,upstream-only,移植上游,保留上游实现；移除业务埋点，必要时适配二改接口。
utils/homeEmotion.test.ts,upstream-only,移植上游,保留上游实现；移除业务埋点，必要时适配二改接口。
utils/homeEmotion.ts,upstream-only,移植上游,保留上游实现；移除业务埋点，必要时适配二改接口。
utils/homeEmotionHook.test.ts,upstream-only,移植上游,保留上游实现；移除业务埋点，必要时适配二改接口。
utils/homeEmotionLoader.test.ts,upstream-only,移植上游,保留上游实现；移除业务埋点，必要时适配二改接口。
utils/homeEmotionLoader.ts,upstream-only,移植上游,保留上游实现；移除业务埋点，必要时适配二改接口。
utils/homeFigureEyeControls.test.ts,upstream-only,移植上游,保留上游实现；移除业务埋点，必要时适配二改接口。
utils/homeFigureGesture.test.ts,upstream-only,移植上游,保留上游实现；移除业务埋点，必要时适配二改接口。
utils/homeFigureMirrors.test.ts,upstream-only,移植上游,保留上游实现；移除业务埋点，必要时适配二改接口。
utils/homeFigureParts.test.ts,upstream-only,移植上游,保留上游实现；移除业务埋点，必要时适配二改接口。
utils/homeFigureParts.ts,upstream-only,移植上游,保留上游实现；移除业务埋点，必要时适配二改接口。
utils/homeFigureSeed.test.ts,upstream-only,移植上游,保留上游实现；移除业务埋点，必要时适配二改接口。
utils/homeFigureSeed.ts,upstream-only,移植上游,保留上游实现；移除业务埋点，必要时适配二改接口。
utils/homeFigureSource.test.ts,upstream-only,移植上游,保留上游实现；移除业务埋点，必要时适配二改接口。
utils/homeIdleMotion.test.ts,upstream-only,移植上游,保留上游实现；移除业务埋点，必要时适配二改接口。
utils/homeInitiative.test.ts,upstream-only,移植上游,保留上游实现；移除业务埋点，必要时适配二改接口。
utils/homeInitiative.ts,upstream-only,移植上游,保留上游实现；移除业务埋点，必要时适配二改接口。
utils/homeLanIds.test.ts,upstream-only,移植上游,保留上游实现；移除业务埋点，必要时适配二改接口。
utils/homeLife.test.ts,upstream-only,移植上游,保留上游实现；移除业务埋点，必要时适配二改接口。
utils/homeLifePanel.test.ts,upstream-only,移植上游,保留上游实现；移除业务埋点，必要时适配二改接口。
utils/homeMap.test.ts,upstream-only,移植上游,保留上游实现；移除业务埋点，必要时适配二改接口。
utils/homeMemoryPostHook.test.ts,upstream-only,移植上游,保留上游实现；移除业务埋点，必要时适配二改接口。
utils/homeMemoryPostHook.ts,upstream-only,移植上游,保留上游实现；移除业务埋点，必要时适配二改接口。
utils/homeMemoryWaterline.test.ts,upstream-only,移植上游,保留上游实现；移除业务埋点，必要时适配二改接口。
utils/homeMessageBridge.test.ts,upstream-only,移植上游,保留上游实现；移除业务埋点，必要时适配二改接口。
utils/homeMessageBridge.ts,upstream-only,移植上游,保留上游实现；移除业务埋点，必要时适配二改接口。
utils/homeOnboarding.test.ts,upstream-only,移植上游,保留上游实现；移除业务埋点，必要时适配二改接口。
utils/homePetContext.ts,upstream-only,移植上游,保留上游实现；移除业务埋点，必要时适配二改接口。
utils/homePetPipeline.test.ts,upstream-only,移植上游,保留上游实现；移除业务埋点，必要时适配二改接口。
utils/homePetRecords.ts,upstream-only,移植上游,保留上游实现；移除业务埋点，必要时适配二改接口。
utils/homePhoneAppearance.test.ts,upstream-only,移植上游,保留上游实现；移除业务埋点，必要时适配二改接口。
utils/homePhotoActionsUI.test.ts,upstream-only,移植上游,保留上游实现；移除业务埋点，必要时适配二改接口。
utils/homePhotoLibrary.test.ts,upstream-only,移植上游,保留上游实现；移除业务埋点，必要时适配二改接口。
utils/homePhotoSession.test.ts,upstream-only,移植上游,保留上游实现；移除业务埋点，必要时适配二改接口。
utils/homePresence.test.ts,upstream-only,移植上游,保留上游实现；移除业务埋点，必要时适配二改接口。
utils/homePresence.ts,upstream-only,移植上游,保留上游实现；移除业务埋点，必要时适配二改接口。
utils/homePresenceBubbles.test.ts,upstream-only,移植上游,保留上游实现；移除业务埋点，必要时适配二改接口。
utils/homeQualityTip.test.ts,upstream-only,移植上游,保留上游实现；移除业务埋点，必要时适配二改接口。
utils/homeRecords.ts,upstream-only,移植上游,保留上游实现；移除业务埋点，必要时适配二改接口。
utils/homeReplyEmotion.test.ts,upstream-only,移植上游,保留上游实现；移除业务埋点，必要时适配二改接口。
utils/homeReplyEmotion.ts,upstream-only,移植上游,保留上游实现；移除业务埋点，必要时适配二改接口。
utils/homeReplyParser.test.ts,upstream-only,移植上游,保留上游实现；移除业务埋点，必要时适配二改接口。
utils/homeReplyParser.ts,upstream-only,移植上游,保留上游实现；移除业务埋点，必要时适配二改接口。
utils/homeReplyStage.ts,upstream-only,移植上游,保留上游实现；移除业务埋点，必要时适配二改接口。
utils/homeSchedule.test.ts,upstream-only,移植上游,保留上游实现；移除业务埋点，必要时适配二改接口。
utils/homeSchedule.ts,upstream-only,移植上游,保留上游实现；移除业务埋点，必要时适配二改接口。
utils/homeScheduleRecommendation.ts,upstream-only,移植上游,保留上游实现；移除业务埋点，必要时适配二改接口。
utils/homeScheduleResume.test.ts,upstream-only,移植上游,保留上游实现；移除业务埋点，必要时适配二改接口。
utils/homeSecrets.test.ts,upstream-only,移植上游,保留上游实现；移除业务埋点，必要时适配二改接口。
utils/homeSecrets.ts,upstream-only,移植上游,保留上游实现；移除业务埋点，必要时适配二改接口。
utils/homeSecretsEval.test.ts,upstream-only,移植上游,保留上游实现；移除业务埋点，必要时适配二改接口。
utils/homeSecretsPrompt.ts,upstream-only,移植上游,保留上游实现；移除业务埋点，必要时适配二改接口。
utils/homeSecretsReveal.test.ts,upstream-only,移植上游,保留上游实现；移除业务埋点，必要时适配二改接口。
utils/homeSocialRoles.test.ts,upstream-only,移植上游,保留上游实现；移除业务埋点，必要时适配二改接口。
utils/homeSocialWheel.test.ts,upstream-only,移植上游,保留上游实现；移除业务埋点，必要时适配二改接口。
utils/homeSpeechBubble.test.ts,upstream-only,移植上游,保留上游实现；移除业务埋点，必要时适配二改接口。
utils/homeTurns.test.ts,upstream-only,移植上游,保留上游实现；移除业务埋点，必要时适配二改接口。
utils/homeTurns.ts,upstream-only,移植上游,保留上游实现；移除业务埋点，必要时适配二改接口。
utils/homeUpdate.ts,upstream-only,移植上游,保留上游实现；移除业务埋点，必要时适配二改接口。
utils/homeUpdateUI.test.ts,upstream-only,移植上游,保留上游实现；移除业务埋点，必要时适配二改接口。
utils/homelyForeground.test.ts,upstream-only,移植上游,保留上游实现；移除业务埋点，必要时适配二改接口。
utils/homelyHome.test.ts,upstream-only,移植上游,保留上游实现；移除业务埋点，必要时适配二改接口。
utils/homelyMusic.test.ts,upstream-only,移植上游,保留上游实现；移除业务埋点，必要时适配二改接口。
utils/homelyPalette.test.ts,upstream-only,移植上游,保留上游实现；移除业务埋点，必要时适配二改接口。
utils/homelyPresence.test.ts,upstream-only,移植上游,保留上游实现；移除业务埋点，必要时适配二改接口。
utils/homelyResident.test.ts,upstream-only,移植上游,保留上游实现；移除业务埋点，必要时适配二改接口。
utils/homelyResident.ts,upstream-only,移植上游,保留上游实现；移除业务埋点，必要时适配二改接口。
utils/homelyTouch.test.ts,upstream-only,移植上游,保留上游实现；移除业务埋点，必要时适配二改接口。
utils/homelyView.test.ts,upstream-only,移植上游,保留上游实现；移除业务埋点，必要时适配二改接口。
utils/imageGenerationBilling.test.ts,fork-only,保留二改,保留二改路径；相关调用按融合后的接口调整。
utils/imageGenerationBilling.ts,fork-only,保留二改,保留二改路径；相关调用按融合后的接口调整。
utils/imageGenerationPresets.test.ts,fork-only,保留二改,保留二改路径；相关调用按融合后的接口调整。
utils/imageGenerationPresets.ts,fork-only,保留二改,保留二改路径；相关调用按融合后的接口调整。
utils/imageJobCards.test.ts,fork-only,保留二改,保留二改路径；相关调用按融合后的接口调整。
utils/imageJobCards.ts,fork-only,保留二改,保留二改路径；相关调用按融合后的接口调整。
utils/imageToBlob.test.ts,upstream-only,移植上游,保留上游实现；移除业务埋点，必要时适配二改接口。
utils/imageToolPostAction.test.ts,fork-only,保留二改,保留二改路径；相关调用按融合后的接口调整。
utils/imageToolPostAction.ts,fork-only,保留二改,保留二改路径；相关调用按融合后的接口调整。
utils/impressionGeneration.test.ts,upstream-only,移植上游,保留上游实现；移除业务埋点，必要时适配二改接口。
utils/impressionGeneration.ts,upstream-only,移植上游,保留上游实现；移除业务埋点，必要时适配二改接口。
utils/instantPushClient.test.ts,upstream-only,保留二改可选 Instant Push,上游删除，二改继续保留和打包。
utils/instantPushClient.ts,upstream-only,保留二改可选 Instant Push,上游删除，二改继续保留和打包。
utils/instantPushLegacyCleanup.test.ts,upstream-only,移植上游,保留上游实现；移除业务埋点，必要时适配二改接口。
utils/instantPushLegacyCleanup.ts,upstream-only,移植上游,保留上游实现；移除业务埋点，必要时适配二改接口。
utils/instantPushSunset.test.ts,upstream-only,保留二改可选 Instant Push,上游删除，二改继续保留和打包。
utils/instantToolRunner.ts,shared-change,保留二改行为,上游删除旧 Instant Push，二改继续提供其受支持用法。
utils/instantTraceLog.test.ts,upstream-only,移植上游,保留上游实现；移除业务埋点，必要时适配二改接口。
utils/instantTraceLog.ts,upstream-only,移植上游,保留上游实现；移除业务埋点，必要时适配二改接口。
utils/instantWorkerVersion.ts,upstream-only,保留二改可选 Instant Push,上游删除，二改继续保留和打包。
utils/iosStandalone.keyboard.test.ts,upstream-only,移植上游,保留上游实现；移除业务埋点，必要时适配二改接口。
utils/iosStandalone.ts,upstream-only,移植上游,保留上游实现；移除业务埋点，必要时适配二改接口。
utils/journalAppearance.ts,upstream-only,移植上游,保留上游实现；移除业务埋点，必要时适配二改接口。
utils/kanataTitle.test.ts,upstream-only,移植上游,保留上游实现；移除业务埋点，必要时适配二改接口。
utils/keepAlive.ts,upstream-only,移植上游,保留上游实现；移除业务埋点，必要时适配二改接口。
utils/legacyTurnContextImportCleanup.test.ts,fork-only,保留二改,保留二改路径；相关调用按融合后的接口调整。
utils/legacyWhiteboxPresets.ts,upstream-only,移植上游,保留上游实现；移除业务埋点，必要时适配二改接口。
utils/lifeRecords.ts,upstream-only,移植上游,保留上游实现；移除业务埋点，必要时适配二改接口。
utils/lifeSimPrompts.ts,upstream-only,移植上游,保留上游实现；移除业务埋点，必要时适配二改接口。
utils/like520/prompts.ts,upstream-only,移植上游,保留上游实现；移除业务埋点，必要时适配二改接口。
utils/live2DReveal.test.ts,upstream-only,移植上游,保留上游实现；移除业务埋点，必要时适配二改接口。
utils/live2DReveal.ts,upstream-only,移植上游,保留上游实现；移除业务埋点，必要时适配二改接口。
utils/live2dActionPolicy.test.ts,upstream-only,移植上游,保留上游实现；移除业务埋点，必要时适配二改接口。
utils/live2dActionPolicy.ts,upstream-only,移植上游,保留上游实现；移除业务埋点，必要时适配二改接口。
utils/live2dBuildIsolation.test.ts,upstream-only,移植上游,保留上游实现；移除业务埋点，必要时适配二改接口。
utils/live2dCore.test.ts,fork-only,保留二改,保留二改路径；相关调用按融合后的接口调整。
utils/live2dCore.ts,fork-only,保留二改,保留二改路径；相关调用按融合后的接口调整。
utils/live2dModelStore.test.ts,fork-only,保留二改,保留二改路径；相关调用按融合后的接口调整。
utils/live2dModelStore.ts,fork-only,保留二改,保留二改路径；相关调用按融合后的接口调整。
utils/live2dTextureParser.test.ts,fork-only,保留二改,保留二改路径；相关调用按融合后的接口调整。
utils/liveAiClient.ts,fork-only,保留二改,保留二改路径；相关调用按融合后的接口调整。
utils/liveBackup.contract.test.ts,fork-only,保留二改,保留二改路径；相关调用按融合后的接口调整。
utils/liveBackup.db.test.ts,fork-only,保留二改,保留二改路径；相关调用按融合后的接口调整。
utils/liveBackup.test.ts,fork-only,保留二改,保留二改路径；相关调用按融合后的接口调整。
utils/liveBackup.ts,fork-only,保留二改,保留二改路径；相关调用按融合后的接口调整。
utils/livePlayback.test.ts,fork-only,保留二改,保留二改路径；相关调用按融合后的接口调整。
utils/livePlayback.ts,fork-only,保留二改,保留二改路径；相关调用按融合后的接口调整。
utils/liveRepository.ts,fork-only,保留二改,保留二改路径；相关调用按融合后的接口调整。
utils/liveTypes.ts,fork-only,保留二改,保留二改路径；相关调用按融合后的接口调整。
utils/localId.d.ts,upstream-only,移植上游,保留上游实现；移除业务埋点，必要时适配二改接口。
utils/localId.js,upstream-only,移植上游,吸收上游文件/资源。
utils/localId.test.ts,upstream-only,移植上游,保留上游实现；移除业务埋点，必要时适配二改接口。
utils/localRead.test.ts,upstream-only,移植上游,保留上游实现；移除业务埋点，必要时适配二改接口。
utils/localRead.ts,upstream-only,移植上游,保留上游实现；移除业务埋点，必要时适配二改接口。
utils/lsMirror.ts,shared-change,三方融合并核对,保留双方不重叠代码，按当前契约验证调用点。
utils/luckinMcpClient.ts,upstream-only,移植上游,保留上游实现；移除业务埋点，必要时适配二改接口。
utils/malaysiaHolidayRegions.ts,upstream-only,移植上游,保留上游实现；移除业务埋点，必要时适配二改接口。
utils/malaysiaHolidays.test.ts,upstream-only,移植上游,保留上游实现；移除业务埋点，必要时适配二改接口。
utils/marketRefresh.test.ts,upstream-only,移植上游,保留上游实现；移除业务埋点，必要时适配二改接口。
utils/mcdMcpClient.ts,upstream-only,移植上游,保留上游实现；移除业务埋点，必要时适配二改接口。
utils/mcpBackgroundJobResult.ts,fork-only,保留二改,保留二改路径；相关调用按融合后的接口调整。
utils/mcpClient.test.ts,fork-only,保留二改,保留二改路径；相关调用按融合后的接口调整。
utils/mcpClient.ts,shared-change,三方融合并核对,保留双方不重叠代码，按当前契约验证调用点。
utils/mcpExecutionPolicy.test.ts,fork-only,保留二改,保留二改路径；相关调用按融合后的接口调整。
utils/mcpExecutionPolicy.ts,fork-only,保留二改,保留二改路径；相关调用按融合后的接口调整。
utils/mcpFireCore.test.ts,upstream-only,移植上游,保留上游实现；移除业务埋点，必要时适配二改接口。
utils/mcpFireCore.ts,shared-change,手工融合完成,Add upstream cancellation to existing timeout/server-label options.
utils/mcpImageExtraction.test.ts,fork-only,保留二改,保留二改路径；相关调用按融合后的接口调整。
utils/mcpImagePersistence.test.ts,fork-only,保留二改,保留二改路径；相关调用按融合后的接口调整。
utils/mcpImagePersistence.ts,fork-only,保留二改,保留二改路径；相关调用按融合后的接口调整。
utils/mcpImageStatusCleanup.test.ts,fork-only,保留二改,保留二改路径；相关调用按融合后的接口调整。
utils/mcpImageStatusCleanup.ts,fork-only,保留二改,保留二改路径；相关调用按融合后的接口调整。
utils/mcpImageStatusContract.test.ts,fork-only,保留二改,保留二改路径；相关调用按融合后的接口调整。
utils/mcpSingleShotFlow.test.ts,fork-only,保留二改,保留二改路径；相关调用按融合后的接口调整。
utils/mcpSingleShotFlow.ts,fork-only,保留二改,保留二改路径；相关调用按融合后的接口调整。
utils/mcpToolBridge.executionPolicy.test.ts,fork-only,保留二改,保留二改路径；相关调用按融合后的接口调整。
utils/mcpToolBridge.ts,fork-only,保留二改,保留二改路径；相关调用按融合后的接口调整。
utils/mealPlanner.ts,fork-only,保留二改,保留二改路径；相关调用按融合后的接口调整。
utils/meetingAppearance.test.ts,upstream-only,移植上游,保留上游实现；移除业务埋点，必要时适配二改接口。
utils/meetingAppearance.ts,upstream-only,移植上游,保留上游实现；移除业务埋点，必要时适配二改接口。
utils/meetingCg.test.ts,fork-only,保留二改,保留二改路径；相关调用按融合后的接口调整。
utils/meetingCg.ts,fork-only,保留二改,保留二改路径；相关调用按融合后的接口调整。
utils/meetingReading.test.ts,upstream-only,移植上游,保留上游实现；移除业务埋点，必要时适配二改接口。
utils/memoryContextSelfCheck.test.ts,upstream-only,移植上游,保留上游实现；移除业务埋点，必要时适配二改接口。
utils/memoryGuide.ts,upstream-only,移植上游,保留上游实现；移除业务埋点，必要时适配二改接口。
utils/memoryMaintenancePanel.test.ts,upstream-only,移植上游,保留上游实现；移除业务埋点，必要时适配二改接口。
utils/memoryPalace/autoArchive.ts,upstream-only,移植上游,保留上游实现；移除业务埋点，必要时适配二改接口。
utils/memoryPalace/consolidation.ts,upstream-only,移植上游,保留上游实现；移除业务埋点，必要时适配二改接口。
utils/memoryPalace/db.ts,upstream-only,移植上游,保留上游实现；移除业务埋点，必要时适配二改接口。
utils/memoryPalace/digestion.ts,upstream-only,移植上游,保留上游实现；移除业务埋点，必要时适配二改接口。
utils/memoryPalace/embedding.ts,upstream-only,移植上游,保留上游实现；移除业务埋点，必要时适配二改接口。
utils/memoryPalace/eventBoxCompression.ts,upstream-only,移植上游,保留上游实现；移除业务埋点，必要时适配二改接口。
utils/memoryPalace/eventBoxRegeneration.test.ts,upstream-only,移植上游,保留上游实现；移除业务埋点，必要时适配二改接口。
utils/memoryPalace/export.ts,upstream-only,移植上游,保留上游实现；移除业务埋点，必要时适配二改接口。
utils/memoryPalace/extraction.ts,upstream-only,移植上游,保留上游实现；移除业务埋点，必要时适配二改接口。
utils/memoryPalace/formatter.ts,upstream-only,移植上游,保留上游实现；移除业务埋点，必要时适配二改接口。
utils/memoryPalace/highWaterMark.ts,upstream-only,移植上游,保留上游实现；移除业务埋点，必要时适配二改接口。
utils/memoryPalace/hybridSearch.ts,upstream-only,移植上游,保留上游实现；移除业务埋点，必要时适配二改接口。
utils/memoryPalace/linkedArchive.test.ts,upstream-only,移植上游,保留上游实现；移除业务埋点，必要时适配二改接口。
utils/memoryPalace/linkedArchive.ts,upstream-only,移植上游,保留上游实现；移除业务埋点，必要时适配二改接口。
utils/memoryPalace/linkedArchiveDeletion.test.ts,upstream-only,移植上游,保留上游实现；移除业务埋点，必要时适配二改接口。
utils/memoryPalace/linkedArchiveDeletion.ts,upstream-only,移植上游,保留上游实现；移除业务埋点，必要时适配二改接口。
utils/memoryPalace/maintenanceMode.test.ts,upstream-only,移植上游,保留上游实现；移除业务埋点，必要时适配二改接口。
utils/memoryPalace/maintenanceMode.ts,upstream-only,移植上游,保留上游实现；移除业务埋点，必要时适配二改接口。
utils/memoryPalace/memoryRepair.test.ts,upstream-only,移植上游,保留上游实现；移除业务埋点，必要时适配二改接口。
utils/memoryPalace/memoryRepair.ts,upstream-only,移植上游,保留上游实现；移除业务埋点，必要时适配二改接口。
utils/memoryPalace/migration.ts,upstream-only,移植上游,保留上游实现；移除业务埋点，必要时适配二改接口。
utils/memoryPalace/nodeChanges.ts,upstream-only,移植上游,保留上游实现；移除业务埋点，必要时适配二改接口。
utils/memoryPalace/pipeline.ts,shared-change,手工融合完成,Equivalent null-safe character counts; all fork pipeline changes retained.
utils/memoryPalace/relativeTime.test.ts,upstream-only,移植上游,保留上游实现；移除业务埋点，必要时适配二改接口。
utils/memoryPalace/relativeTime.ts,upstream-only,移植上游,保留上游实现；移除业务埋点，必要时适配二改接口。
utils/memoryPalace/roomPlateCloud.test.ts,upstream-only,移植上游,保留上游实现；移除业务埋点，必要时适配二改接口。
utils/memoryPalace/roomPlateCloud.ts,upstream-only,移植上游,保留上游实现；移除业务埋点，必要时适配二改接口。
utils/memoryPalace/roomPlates.ts,upstream-only,移植上游,保留上游实现；移除业务埋点，必要时适配二改接口。
utils/memoryPalace/roomScoring.test.ts,upstream-only,移植上游,保留上游实现；移除业务埋点，必要时适配二改接口。
utils/memoryPalace/saveExport.test.ts,upstream-only,移植上游,保留上游实现；移除业务埋点，必要时适配二改接口。
utils/memoryPalace/saveExport.ts,upstream-only,移植上游,保留上游实现；移除业务埋点，必要时适配二改接口。
utils/memoryPalace/trace.test.ts,upstream-only,移植上游,保留上游实现；移除业务埋点，必要时适配二改接口。
utils/memoryPalace/trace.ts,upstream-only,移植上游,保留上游实现；移除业务埋点，必要时适配二改接口。
utils/memoryPalace/types.ts,shared-change,三方融合并核对,保留双方不重叠代码，按当前契约验证调用点。
utils/memoryPalace/vectorArchiveSafety.test.ts,upstream-only,移植上游,保留上游实现；移除业务埋点，必要时适配二改接口。
utils/memoryPalace/vectorStore.ts,upstream-only,移植上游,保留上游实现；移除业务埋点，必要时适配二改接口。
utils/meshyEars.test.ts,upstream-only,移植上游,保留上游实现；移除业务埋点，必要时适配二改接口。
utils/messageDeliveryDurability.test.ts,upstream-only,移植上游,保留上游实现；移除业务埋点，必要时适配二改接口。
utils/messageFormat.ts,shared-change,三方融合并核对,保留双方不重叠代码，按当前契约验证调用点。
utils/minimaxEndpoint.test.ts,fork-only,保留二改,保留二改路径；相关调用按融合后的接口调整。
utils/minimaxEndpoint.ts,fork-only,保留二改,保留二改路径；相关调用按融合后的接口调整。
utils/minimaxTts.params.test.ts,upstream-only,移植上游,保留上游实现；移除业务埋点，必要时适配二改接口。
utils/minimaxTts.transport.test.ts,upstream-only,移植上游,保留上游实现；移除业务埋点，必要时适配二改接口。
utils/minimaxTts.ts,shared-change,三方融合并核对,保留双方不重叠代码，按当前契约验证调用点。
utils/minimaxTts.voice.test.ts,fork-only,保留二改,保留二改路径；相关调用按融合后的接口调整。
utils/minimaxVoice.ts,fork-only,保留二改,保留二改路径；相关调用按融合后的接口调整。
utils/mmdBreathImport.test.ts,upstream-only,移植上游,保留上游实现；移除业务埋点，必要时适配二改接口。
utils/mobileToggleLayout.test.ts,fork-only,保留二改,保留二改路径；相关调用按融合后的接口调整。
utils/modelPickerView.ts,upstream-only,移植上游,保留上游实现；移除业务埋点，必要时适配二改接口。
utils/moments.test.ts,fork-only,保留二改,保留二改路径；相关调用按融合后的接口调整。
utils/moments.ts,fork-only,保留二改,保留二改路径；相关调用按融合后的接口调整。
utils/musicWorkerUrl.test.ts,upstream-only,移植上游,保留上游实现；移除业务埋点，必要时适配二改接口。
utils/myWardrobeUI.test.ts,upstream-only,移植上游,保留上游实现；移除业务埋点，必要时适配二改接口。
utils/nativeAmsgPoll.ts,fork-only,保留二改,保留二改路径；相关调用按融合后的接口调整。
utils/nativeLive2DDirectory.test.ts,fork-only,保留二改,保留二改路径；相关调用按融合后的接口调整。
utils/nativeLive2DDirectory.ts,fork-only,保留二改,保留二改路径；相关调用按融合后的接口调整。
utils/nativePushTransport.test.ts,fork-only,保留二改,保留二改路径；相关调用按融合后的接口调整。
utils/nativePushTransport.ts,fork-only,保留二改,保留二改路径；相关调用按融合后的接口调整。
utils/nativeStoryBackground.ts,fork-only,保留二改,保留二改路径；相关调用按融合后的接口调整。
utils/networkFailureDiagnosis.test.ts,upstream-only,移植上游,保留上游实现；移除业务埋点，必要时适配二改接口。
utils/networkFailureDiagnosis.ts,upstream-only,移植上游,保留上游实现；移除业务埋点，必要时适配二改接口。
utils/noLookbehind.test.ts,upstream-only,移植上游,保留上游实现；移除业务埋点，必要时适配二改接口。
utils/novelAiReference.integration.test.ts,fork-only,保留二改,保留二改路径；相关调用按融合后的接口调整。
utils/novelAiReference.test.ts,fork-only,保留二改,保留二改路径；相关调用按融合后的接口调整。
utils/novelAiReference.ts,fork-only,保留二改,保留二改路径；相关调用按融合后的接口调整。
utils/novelAiReferencePolicy.test.ts,fork-only,保留二改,保留二改路径；相关调用按融合后的接口调整。
utils/novelAiReferencePolicy.ts,fork-only,保留二改,保留二改路径；相关调用按融合后的接口调整。
utils/novelPersona.test.ts,upstream-only,移植上游,保留上游实现；移除业务埋点，必要时适配二改接口。
utils/novelUtils.ts,upstream-only,移植上游,保留上游实现；移除业务埋点，必要时适配二改接口。
utils/originalWardrobe.test.ts,upstream-only,移植上游,保留上游实现；移除业务埋点，必要时适配二改接口。
utils/outfitCollection.test.ts,upstream-only,移植上游,保留上游实现；移除业务埋点，必要时适配二改接口。
utils/outfitLibrary.test.ts,upstream-only,移植上游,保留上游实现；移除业务埋点，必要时适配二改接口。
utils/pendingDiary.ts,upstream-only,移植上游,保留上游实现；移除业务埋点，必要时适配二改接口。
utils/petSleep.test.ts,upstream-only,移植上游,保留上游实现；移除业务埋点，必要时适配二改接口。
utils/phoneConversationBackup.test.ts,upstream-only,移植上游,保留上游实现；移除业务埋点，必要时适配二改接口。
utils/phoneTranscript.test.ts,upstream-only,移植上游,保留上游实现；移除业务埋点，必要时适配二改接口。
utils/phoneTranscript.ts,upstream-only,移植上游,保留上游实现；移除业务埋点，必要时适配二改接口。
utils/pixelHomeSpriteBlobRef.test.ts,upstream-only,移植上游,保留上游实现；移除业务埋点，必要时适配二改接口。
utils/pngShare.test.ts,upstream-only,移植上游,保留上游实现；移除业务埋点，必要时适配二改接口。
utils/pngShare.ts,upstream-only,移植上游,保留上游实现；移除业务埋点，必要时适配二改接口。
utils/preloadableLazy.test.ts,upstream-only,移植上游,保留上游实现；移除业务埋点，必要时适配二改接口。
utils/previewRenderQueue.test.ts,upstream-only,移植上游,保留上游实现；移除业务埋点，必要时适配二改接口。
utils/previewRenderQueue.ts,upstream-only,移植上游,保留上游实现；移除业务埋点，必要时适配二改接口。
utils/proactivePushConfig.ts,upstream-only,移植上游,保留上游实现；移除业务埋点，必要时适配二改接口。
utils/proactiveScheduleFailover.contract.test.ts,fork-only,保留二改,保留二改路径；相关调用按融合后的接口调整。
utils/promptMessageCleanup.ts,fork-only,保留二改,保留二改路径；相关调用按融合后的接口调整。
utils/proxyWorker.test.ts,upstream-only,移植上游,保留上游实现；移除业务埋点，必要时适配二改接口。
utils/proxyWorker.ts,shared-change,手工融合完成,Updated legacy public endpoint description; custom endpoints remain supported.
utils/psycheAppearance.ts,upstream-only,移植上游,保留上游实现；移除业务埋点，必要时适配二改接口。
utils/psycheStyleCatalog.ts,upstream-only,移植上游,保留上游实现；移除业务埋点，必要时适配二改接口。
utils/pushSubscribeShared.ts,upstream-only,移植上游,保留上游实现；移除业务埋点，必要时适配二改接口。
utils/pushVapid.ts,upstream-only,移植上游,保留上游实现；移除业务埋点，必要时适配二改接口。
utils/qixiMemoryBundle.ts,shared-change,手工融合完成,Equivalent typed empty scene generation.
utils/qixiReunion.ts,upstream-only,移植上游,保留上游实现；移除业务埋点，必要时适配二改接口。
utils/reading/documentParser.test.ts,fork-only,保留二改,保留二改路径；相关调用按融合后的接口调整。
utils/reading/documentParser.ts,fork-only,保留二改,保留二改路径；相关调用按融合后的接口调整。
utils/realtimeContext.ts,upstream-only,移植上游,保留上游实现；移除业务埋点，必要时适配二改接口。
utils/realtimeFetchCore.ts,upstream-only,移植上游,保留上游实现；移除业务埋点，必要时适配二改接口。
utils/relationshipChat.test.ts,upstream-only,移植上游,保留上游实现；移除业务埋点，必要时适配二改接口。
utils/relationshipChat.ts,upstream-only,移植上游,保留上游实现；移除业务埋点，必要时适配二改接口。
utils/reportedFixes.db.test.ts,upstream-only,移植上游,保留上游实现；移除业务埋点，必要时适配二改接口。
utils/reportedIssuesRegression.wiring.test.ts,fork-only,保留二改,保留二改路径；相关调用按融合后的接口调整。
utils/residentFacing.test.ts,upstream-only,移植上游,保留上游实现；移除业务埋点，必要时适配二改接口。
utils/residentNavigation.test.ts,upstream-only,移植上游,保留上游实现；移除业务埋点，必要时适配二改接口。
utils/room3d.test.ts,upstream-only,移植上游,保留上游实现；移除业务埋点，必要时适配二改接口。
utils/room3dBathroom.test.ts,upstream-only,移植上游,保留上游实现；移除业务埋点，必要时适配二改接口。
utils/room3dBathroomActions.test.ts,upstream-only,移植上游,保留上游实现；移除业务埋点，必要时适配二改接口。
utils/room3dBedroom.test.ts,upstream-only,移植上游,保留上游实现；移除业务埋点，必要时适配二改接口。
utils/room3dBedroomReference.test.ts,upstream-only,移植上游,保留上游实现；移除业务埋点，必要时适配二改接口。
utils/room3dBuilding.test.ts,upstream-only,移植上游,保留上游实现；移除业务埋点，必要时适配二改接口。
utils/room3dDeviceBudget.test.ts,upstream-only,移植上游,保留上游实现；移除业务埋点，必要时适配二改接口。
utils/room3dDimensions.test.ts,upstream-only,移植上游,保留上游实现；移除业务埋点，必要时适配二改接口。
utils/room3dDining.test.ts,upstream-only,移植上游,保留上游实现；移除业务埋点，必要时适配二改接口。
utils/room3dFinishBudget.test.ts,upstream-only,移植上游,保留上游实现；移除业务埋点，必要时适配二改接口。
utils/room3dFinishes.test.ts,upstream-only,移植上游,保留上游实现；移除业务埋点，必要时适配二改接口。
utils/room3dFlatView.test.ts,upstream-only,移植上游,保留上游实现；移除业务埋点，必要时适配二改接口。
utils/room3dFunctionalLayout.test.ts,upstream-only,移植上游,保留上游实现；移除业务埋点，必要时适配二改接口。
utils/room3dFurnitureCatalog.test.ts,upstream-only,移植上游,保留上游实现；移除业务埋点，必要时适配二改接口。
utils/room3dFurnitureDock.test.ts,upstream-only,移植上游,保留上游实现；移除业务埋点，必要时适配二改接口。
utils/room3dFurnitureInteractions.test.ts,upstream-only,移植上游,保留上游实现；移除业务埋点，必要时适配二改接口。
utils/room3dGaming.test.ts,upstream-only,移植上游,保留上游实现；移除业务埋点，必要时适配二改接口。
utils/room3dKitchenActions.test.ts,upstream-only,移植上游,保留上游实现；移除业务埋点，必要时适配二改接口。
utils/room3dKitchenware.test.ts,upstream-only,移植上游,保留上游实现；移除业务埋点，必要时适配二改接口。
utils/room3dLighting.test.ts,upstream-only,移植上游,保留上游实现；移除业务埋点，必要时适配二改接口。
utils/room3dLivingReference.test.ts,upstream-only,移植上游,保留上游实现；移除业务埋点，必要时适配二改接口。
utils/room3dMirror.test.ts,upstream-only,移植上游,保留上游实现；移除业务埋点，必要时适配二改接口。
utils/room3dMirrorJourney.test.ts,upstream-only,移植上游,保留上游实现；移除业务埋点，必要时适配二改接口。
utils/room3dPalettes.test.ts,upstream-only,移植上游,保留上游实现；移除业务埋点，必要时适配二改接口。
utils/room3dPetContact.test.ts,upstream-only,移植上游,保留上游实现；移除业务埋点，必要时适配二改接口。
utils/room3dPetLife.test.ts,upstream-only,移植上游,保留上游实现；移除业务埋点，必要时适配二改接口。
utils/room3dPetRemoval.test.ts,upstream-only,移植上游,保留上游实现；移除业务埋点，必要时适配二改接口。
utils/room3dPets.test.ts,upstream-only,移植上游,保留上游实现；移除业务埋点，必要时适配二改接口。
utils/room3dResidentExpression.test.ts,upstream-only,移植上游,保留上游实现；移除业务埋点，必要时适配二改接口。
utils/room3dSeating.test.ts,upstream-only,移植上游,保留上游实现；移除业务埋点，必要时适配二改接口。
utils/room3dSharing.test.ts,upstream-only,移植上游,保留上游实现；移除业务埋点，必要时适配二改接口。
utils/room3dShowroomDecor.test.ts,upstream-only,移植上游,保留上游实现；移除业务埋点，必要时适配二改接口。
utils/room3dShowrooms.test.ts,upstream-only,移植上游,保留上游实现；移除业务埋点，必要时适配二改接口。
utils/room3dStudyReference.test.ts,upstream-only,移植上游,保留上游实现；移除业务埋点，必要时适配二改接口。
utils/room3dSunRendering.test.ts,upstream-only,移植上游,保留上游实现；移除业务埋点，必要时适配二改接口。
utils/room3dTimeLighting.test.ts,upstream-only,移植上游,保留上游实现；移除业务埋点，必要时适配二改接口。
utils/room3dTopology.test.ts,upstream-only,移植上游,保留上游实现；移除业务埋点，必要时适配二改接口。
utils/room3dVisitorComparison.test.ts,upstream-only,移植上游,保留上游实现；移除业务埋点，必要时适配二改接口。
utils/room3dWalkingClearance.test.ts,upstream-only,移植上游,保留上游实现；移除业务埋点，必要时适配二改接口。
utils/room3dWallMount.test.ts,upstream-only,移植上游,保留上游实现；移除业务埋点，必要时适配二改接口。
utils/room3dWatering.test.ts,upstream-only,移植上游,保留上游实现；移除业务埋点，必要时适配二改接口。
utils/room3dWindowDaylight.test.ts,upstream-only,移植上游,保留上游实现；移除业务埋点，必要时适配二改接口。
utils/room3dWindowOpenings.test.ts,upstream-only,移植上游,保留上游实现；移除业务埋点，必要时适配二改接口。
utils/roomAmbient.test.ts,upstream-only,手工融合完成,接口已融合，构建或回归验证最终行为。
utils/roomAmbient.ts,upstream-only,手工融合完成,接口已融合，构建或回归验证最终行为。
utils/roomAssetQueue.test.ts,upstream-only,移植上游,保留上游实现；移除业务埋点，必要时适配二改接口。
utils/roomLaunch.ts,upstream-only,移植上游,保留上游实现；移除业务埋点，必要时适配二改接口。
utils/safeApi.stream.test.ts,fork-only,保留二改,保留二改路径；相关调用按融合后的接口调整。
utils/safeApi.ts,shared-change,三方融合并核对,保留双方不重叠代码，按当前契约验证调用点。
utils/safeAreaApps.test.ts,fork-only,保留二改,保留二改路径；相关调用按融合后的接口调整。
utils/safeAreaApps.ts,fork-only,保留二改,保留二改路径；相关调用按融合后的接口调整。
utils/sanitize.test.ts,fork-only,保留二改,保留二改路径；相关调用按融合后的接口调整。
utils/sanitize.ts,shared-change,三方融合并核对,保留双方不重叠代码，按当前契约验证调用点。
utils/sarAnalytics.test.ts,upstream-only,不移植统计上报,保留二改不增加统计上报的原则。
utils/sarAnalytics.ts,upstream-only,不移植统计上报,保留二改不增加统计上报的原则。
utils/sarCharacterCabinet.test.ts,upstream-only,移植上游,保留上游实现；移除业务埋点，必要时适配二改接口。
utils/sarClub.test.ts,upstream-only,移植上游,保留上游实现；移除业务埋点，必要时适配二改接口。
utils/sarCollection.test.ts,upstream-only,移植上游,保留上游实现；移除业务埋点，必要时适配二改接口。
utils/sarCommerce.test.ts,upstream-only,移植上游,保留上游实现；移除业务埋点，必要时适配二改接口。
utils/sarDatePresentation.test.ts,upstream-only,移植上游,保留上游实现；移除业务埋点，必要时适配二改接口。
utils/sarDatePresentation.ts,upstream-only,移植上游,保留上游实现；移除业务埋点，必要时适配二改接口。
utils/sarDialogueLoading.test.ts,upstream-only,移植上游,保留上游实现；移除业务埋点，必要时适配二改接口。
utils/sarDialoguePresentation.test.ts,upstream-only,移植上游,保留上游实现；移除业务埋点，必要时适配二改接口。
utils/sarEconomy.test.ts,upstream-only,移植上游,保留上游实现；移除业务埋点，必要时适配二改接口。
utils/sarExpressionReview.test.ts,upstream-only,移植上游,保留上游实现；移除业务埋点，必要时适配二改接口。
utils/sarFacilityGuides.test.ts,upstream-only,移植上游,保留上游实现；移除业务埋点，必要时适配二改接口。
utils/sarFamiliarity.test.ts,upstream-only,移植上游,保留上游实现；移除业务埋点，必要时适配二改接口。
utils/sarFamiliarityDiscounts.test.ts,upstream-only,移植上游,保留上游实现；移除业务埋点，必要时适配二改接口。
utils/sarFamiliarityEdges.test.ts,upstream-only,移植上游,保留上游实现；移除业务埋点，必要时适配二改接口。
utils/sarGacha.test.ts,upstream-only,移植上游,保留上游实现；移除业务埋点，必要时适配二改接口。
utils/sarGreetingOrder.test.ts,upstream-only,移植上游,保留上游实现；移除业务埋点，必要时适配二改接口。
utils/sarModuleCloudSettle.test.ts,upstream-only,移植上游,保留上游实现；移除业务埋点，必要时适配二改接口。
utils/sarModuleCloudSettle.ts,upstream-only,移植上游,保留上游实现；移除业务埋点，必要时适配二改接口。
utils/sarModuleRuntime.test.ts,upstream-only,移植上游,保留上游实现；移除业务埋点，必要时适配二改接口。
utils/sarModuleRuntimeEvents.ts,upstream-only,移植上游,保留上游实现；移除业务埋点，必要时适配二改接口。
utils/sarModuleShop.test.ts,upstream-only,移植上游,保留上游实现；移除业务埋点，必要时适配二改接口。
utils/sarNarrative.test.ts,upstream-only,移植上游,保留上游实现；移除业务埋点，必要时适配二改接口。
utils/sarNpcPreference.test.ts,upstream-only,移植上游,保留上游实现；移除业务埋点，必要时适配二改接口。
utils/sarReleaseBackup.test.ts,upstream-only,移植上游,保留上游实现；移除业务埋点，必要时适配二改接口。
utils/sarSimulation.test.ts,upstream-only,移植上游,保留上游实现；移除业务埋点，必要时适配二改接口。
utils/sarSimulationEdits.test.ts,upstream-only,移植上游,保留上游实现；移除业务埋点，必要时适配二改接口。
utils/sarUpdate.ts,upstream-only,移植上游,保留上游实现；移除业务埋点，必要时适配二改接口。
utils/sarUserSurface.test.ts,upstream-only,移植上游,保留上游实现；移除业务埋点，必要时适配二改接口。
utils/scheduleAppearance.ts,upstream-only,移植上游,保留上游实现；移除业务埋点，必要时适配二改接口。
utils/scheduleChange.test.ts,fork-only,保留二改,保留二改路径；相关调用按融合后的接口调整。
utils/scheduleGenerator.failover.test.ts,fork-only,保留二改,保留二改路径；相关调用按融合后的接口调整。
utils/scheduleGenerator.ts,shared-change,三方融合并核对,保留双方不重叠代码，按当前契约验证调用点。
utils/scopedCss.ts,upstream-only,移植上游,保留上游实现；移除业务埋点，必要时适配二改接口。
utils/seasonalBoot.test.ts,upstream-only,移植上游,保留上游实现；移除业务埋点，必要时适配二改接口。
utils/seasonalBoot.ts,upstream-only,移植上游,保留上游实现；移除业务埋点，必要时适配二改接口。
utils/secretNote.integration.test.ts,upstream-only,移植上游,保留上游实现；移除业务埋点，必要时适配二改接口。
utils/secretNote.ts,upstream-only,移植上游,保留上游实现；移除业务埋点，必要时适配二改接口。
utils/settingsApiPricingEntry.contract.test.ts,fork-only,保留二改,保留二改路径；相关调用按融合后的接口调整。
utils/shareCardCanvas.ts,upstream-only,移植上游,保留上游实现；移除业务埋点，必要时适配二改接口。
utils/shareExport.test.ts,fork-only,保留二改,保留二改路径；相关调用按融合后的接口调整。
utils/shareExport.ts,upstream-only,移植上游,保留上游实现；移除业务埋点，必要时适配二改接口。
utils/shareExportNative.test.ts,upstream-only,移植上游,保留上游实现；移除业务埋点，必要时适配二改接口。
utils/simpleFishing.test.ts,upstream-only,移植上游,保留上游实现；移除业务埋点，必要时适配二改接口。
utils/simulator/iframeBridge.ts,fork-only,保留二改,保留二改路径；相关调用按融合后的接口调整。
utils/socialGeneration.test.ts,upstream-only,移植上游,保留上游实现；移除业务埋点，必要时适配二改接口。
utils/socialGeneration.ts,upstream-only,移植上游,保留上游实现；移除业务埋点，必要时适配二改接口。
utils/socialPosture.test.ts,upstream-only,移植上游,保留上游实现；移除业务埋点，必要时适配二改接口。
utils/socialWheelLayout.test.ts,upstream-only,移植上游,保留上游实现；移除业务埋点，必要时适配二改接口。
utils/songPrompts.test.ts,upstream-only,移植上游,保留上游实现；移除业务埋点，必要时适配二改接口。
utils/songPrompts.ts,upstream-only,移植上游,保留上游实现；移除业务埋点，必要时适配二改接口。
utils/starterHome.test.ts,upstream-only,移植上游,保留上游实现；移除业务埋点，必要时适配二改接口。
utils/storageOptimize.test.ts,upstream-only,移植上游,保留上游实现；移除业务埋点，必要时适配二改接口。
utils/storyBackgroundStatus.ts,fork-only,保留二改,保留二改路径；相关调用按融合后的接口调整。
utils/storyGenerationCancel.ts,fork-only,保留二改,保留二改路径；相关调用按融合后的接口调整。
utils/storyImagePlannerCompat.test.ts,fork-only,保留二改,保留二改路径；相关调用按融合后的接口调整。
utils/storyImagePlannerCompat.ts,fork-only,保留二改,保留二改路径；相关调用按融合后的接口调整。
utils/storyImagePromptLayers.test.ts,fork-only,保留二改,保留二改路径；相关调用按融合后的接口调整。
utils/storyImagePromptLayers.ts,fork-only,保留二改,保留二改路径；相关调用按融合后的接口调整。
utils/storyImageReferenceUploads.test.ts,fork-only,保留二改,保留二改路径；相关调用按融合后的接口调整。
utils/storyImageReferenceUploads.ts,fork-only,保留二改,保留二改路径；相关调用按融合后的接口调整。
utils/storyPollingVisibilityGuard.ts,fork-only,保留二改,保留二改路径；相关调用按融合后的接口调整。
utils/storyPollingVisibilityGuard.wiring.test.ts,fork-only,保留二改,保留二改路径；相关调用按融合后的接口调整。
utils/storyRouteHandoff.test.ts,fork-only,保留二改,保留二改路径；相关调用按融合后的接口调整。
utils/storySystemCompatibility.ts,fork-only,保留二改,保留二改路径；相关调用按融合后的接口调整。
utils/storyTheater.test.ts,shared-change,三方融合并核对,保留双方不重叠代码，按当前契约验证调用点。
utils/storyTheater.ts,shared-change,三方融合并核对,保留双方不重叠代码，按当前契约验证调用点。
utils/storyTheaterBillingSafety.wiring.test.ts,fork-only,保留二改,保留二改路径；相关调用按融合后的接口调整。
utils/storyTheaterGallery.ts,fork-only,保留二改,保留二改路径；相关调用按融合后的接口调整。
utils/storyTheaterImage.inlinePlan.test.ts,fork-only,保留二改,保留二改路径；相关调用按融合后的接口调整。
utils/storyTheaterImage.ts,fork-only,保留二改,保留二改路径；相关调用按融合后的接口调整。
utils/storyTheaterVoice.test.ts,fork-only,保留二改,保留二改路径；相关调用按融合后的接口调整。
utils/storyTheaterVoice.ts,fork-only,保留二改,保留二改路径；相关调用按融合后的接口调整。
utils/storyTheaterVoiceClassifier.ts,fork-only,保留二改,保留二改路径；相关调用按融合后的接口调整。
utils/storyTheaterVoiceDirector.test.ts,fork-only,保留二改,保留二改路径；相关调用按融合后的接口调整。
utils/storyTheaterVoiceDirector.ts,fork-only,保留二改,保留二改路径；相关调用按融合后的接口调整。
utils/storyTheaterVoiceSettings.test.ts,fork-only,保留二改,保留二改路径；相关调用按融合后的接口调整。
utils/sullyCreatorParts.ts,upstream-only,移植上游,保留上游实现；移除业务埋点，必要时适配二改接口。
utils/sullyFaceControls.test.ts,upstream-only,移植上游,保留上游实现；移除业务埋点，必要时适配二改接口。
utils/theaterGenerator.ts,upstream-only,移植上游,保留上游实现；移除业务埋点，必要时适配二改接口。
utils/timeAwarenessRequests.test.ts,upstream-only,移植上游,保留上游实现；移除业务埋点，必要时适配二改接口。
utils/toolCancellation.test.ts,upstream-only,移植上游,保留上游实现；移除业务埋点，必要时适配二改接口。
utils/ttsProvider.ts,fork-only,保留二改,保留二改路径；相关调用按融合后的接口调整。
utils/ttsRouter.ts,fork-only,保留二改,保留二改路径；相关调用按融合后的接口调整。
utils/turnContextRemoval.test.ts,fork-only,保留二改,保留二改路径；相关调用按融合后的接口调整。
utils/unifiedPushPlugin.ts,fork-only,保留二改,保留二改路径；相关调用按融合后的接口调整。
utils/useChatAIFailover.contract.test.ts,fork-only,保留二改,保留二改路径；相关调用按融合后的接口调整。
utils/useChatAISingleShot.contract.test.ts,fork-only,保留二改,保留二改路径；相关调用按融合后的接口调整。
utils/useDateMessageHistory.test.ts,upstream-only,移植上游,保留上游实现；移除业务埋点，必要时适配二改接口。
utils/useDateMessageHistory.ts,upstream-only,移植上游,保留上游实现；移除业务埋点，必要时适配二改接口。
utils/useEmojiThumbnailCache.ts,upstream-only,移植上游,保留上游实现；移除业务埋点，必要时适配二改接口。
utils/userCameraEmotion.test.ts,fork-only,保留二改,保留二改路径；相关调用按融合后的接口调整。
utils/userCameraEmotion.ts,shared-change,手工融合完成,Use upstream shared EmotionCandidate type; thresholds and fork region changes remain intact.
utils/userCameraSnapshot.test.ts,upstream-only,移植上游,保留上游实现；移除业务埋点，必要时适配二改接口。
utils/userCameraSnapshot.ts,upstream-only,移植上游,保留上游实现；移除业务埋点，必要时适配二改接口。
utils/userHolidays.test.ts,upstream-only,移植上游,保留上游实现；移除业务埋点，必要时适配二改接口。
utils/userHolidays.ts,upstream-only,移植上游,保留上游实现；移除业务埋点，必要时适配二改接口。
utils/userVoice.test.ts,fork-only,保留二改,保留二改路径；相关调用按融合后的接口调整。
utils/userVoice.ts,fork-only,保留二改,保留二改路径；相关调用按融合后的接口调整。
utils/vibeReference.ts,fork-only,保留二改,保留二改路径；相关调用按融合后的接口调整。
utils/visionApi.ts,fork-only,保留二改,保留二改路径；相关调用按融合后的接口调整。
utils/visionSettings.test.ts,upstream-only,移植上游,保留上游实现；移除业务埋点，必要时适配二改接口。
utils/voiceAsset.test.ts,fork-only,保留二改,保留二改路径；相关调用按融合后的接口调整。
utils/voiceAsset.ts,fork-only,保留二改,保留二改路径；相关调用按融合后的接口调整。
utils/voiceLanguage.test.ts,fork-only,保留二改,保留二改路径；相关调用按融合后的接口调整。
utils/voiceLanguage.ts,fork-only,保留二改,保留二改路径；相关调用按融合后的接口调整。
utils/voiceLibrary.test.ts,fork-only,保留二改,保留二改路径；相关调用按融合后的接口调整。
utils/voiceLibrary.ts,fork-only,保留二改,保留二改路径；相关调用按融合后的接口调整。
utils/voiceMessageBackup.test.ts,fork-only,保留二改,保留二改路径；相关调用按融合后的接口调整。
utils/voiceMessageBackup.ts,fork-only,保留二改,保留二改路径；相关调用按融合后的接口调整。
utils/voicePlayback.audio.test.ts,upstream-only,移植上游,保留上游实现；移除业务埋点，必要时适配二改接口。
utils/voicePlayback.ts,upstream-only,移植上游,保留上游实现；移除业务埋点，必要时适配二改接口。
utils/voiceTextDedup.test.ts,upstream-only,移植上游,保留上游实现；移除业务埋点，必要时适配二改接口。
utils/voiceTextDedup.ts,upstream-only,移植上游,保留上游实现；移除业务埋点，必要时适配二改接口。
utils/vrWorld/activityChoices.test.ts,upstream-only,移植上游,保留上游实现；移除业务埋点，必要时适配二改接口。
utils/vrWorld/activityChoices.ts,upstream-only,移植上游,保留上游实现；移除业务埋点，必要时适配二改接口。
utils/vrWorld/constants.ts,upstream-only,移植上游,保留上游实现；移除业务埋点，必要时适配二改接口。
utils/vrWorld/diagnostics.ts,upstream-only,移植上游,保留上游实现；移除业务埋点，必要时适配二改接口。
utils/vrWorld/dinosaurActivities.test.ts,upstream-only,移植上游,保留上游实现；移除业务埋点，必要时适配二改接口。
utils/vrWorld/dinosaurActivities.ts,upstream-only,移植上游,保留上游实现；移除业务埋点，必要时适配二改接口。
utils/vrWorld/dinosaurCatalog.ts,upstream-only,移植上游,保留上游实现；移除业务埋点，必要时适配二改接口。
utils/vrWorld/dinosaurCharacter.ts,upstream-only,移植上游,保留上游实现；移除业务埋点，必要时适配二改接口。
utils/vrWorld/dinosaurGarden.test.ts,upstream-only,移植上游,保留上游实现；移除业务埋点，必要时适配二改接口。
utils/vrWorld/dinosaurGarden.ts,upstream-only,移植上游,保留上游实现；移除业务埋点，必要时适配二改接口。
utils/vrWorld/dinosaurGrid.ts,upstream-only,移植上游,保留上游实现；移除业务埋点，必要时适配二改接口。
utils/vrWorld/dinosaurPlacement.test.ts,upstream-only,移植上游,保留上游实现；移除业务埋点，必要时适配二改接口。
utils/vrWorld/dinosaurPlacement.ts,upstream-only,移植上游,保留上游实现；移除业务埋点，必要时适配二改接口。
utils/vrWorld/dinosaurPlay.test.ts,upstream-only,移植上游,保留上游实现；移除业务埋点，必要时适配二改接口。
utils/vrWorld/dinosaurStorage.ts,upstream-only,移植上游,保留上游实现；移除业务埋点，必要时适配二改接口。
utils/vrWorld/dinosaurTerrain.ts,upstream-only,移植上游,保留上游实现；移除业务埋点，必要时适配二改接口。
utils/vrWorld/dinosaurTypes.ts,upstream-only,移植上游,保留上游实现；移除业务埋点，必要时适配二改接口。
utils/vrWorld/feedLoading.test.ts,upstream-only,移植上游,保留上游实现；移除业务埋点，必要时适配二改接口。
utils/vrWorld/fishingBatchSale.test.ts,upstream-only,移植上游,保留上游实现；移除业务埋点，必要时适配二改接口。
utils/vrWorld/fishingCharacter.test.ts,upstream-only,移植上游,保留上游实现；移除业务埋点，必要时适配二改接口。
utils/vrWorld/fishingCharacter.ts,upstream-only,移植上游,保留上游实现；移除业务埋点，必要时适配二改接口。
utils/vrWorld/fishingCollection.test.ts,upstream-only,移植上游,保留上游实现；移除业务埋点，必要时适配二改接口。
utils/vrWorld/fishingDelivery.ts,upstream-only,移植上游,保留上游实现；移除业务埋点，必要时适配二改接口。
utils/vrWorld/fishingDeliveryDb.test.ts,upstream-only,移植上游,保留上游实现；移除业务埋点，必要时适配二改接口。
utils/vrWorld/fishingGame.ts,upstream-only,移植上游,保留上游实现；移除业务埋点，必要时适配二改接口。
utils/vrWorld/fishingMarket.test.ts,upstream-only,移植上游,保留上游实现；移除业务埋点，必要时适配二改接口。
utils/vrWorld/fishingMarket.ts,upstream-only,移植上游,保留上游实现；移除业务埋点，必要时适配二改接口。
utils/vrWorld/fishingSale.test.ts,upstream-only,移植上游,保留上游实现；移除业务埋点，必要时适配二改接口。
utils/vrWorld/fishingSale.ts,upstream-only,移植上游,保留上游实现；移除业务埋点，必要时适配二改接口。
utils/vrWorld/fishingSession.test.ts,upstream-only,移植上游,保留上游实现；移除业务埋点，必要时适配二改接口。
utils/vrWorld/kanataPublicContext.ts,upstream-only,移植上游,保留上游实现；移除业务埋点，必要时适配二改接口。
utils/vrWorld/kanataTitle.ts,upstream-only,移植上游,保留上游实现；移除业务埋点，必要时适配二改接口。
utils/vrWorld/library.test.ts,upstream-only,移植上游,保留上游实现；移除业务埋点，必要时适配二改接口。
utils/vrWorld/library.ts,upstream-only,移植上游,保留上游实现；移除业务埋点，必要时适配二改接口。
utils/vrWorld/marketEncounters.test.ts,upstream-only,移植上游,保留上游实现；移除业务埋点，必要时适配二改接口。
utils/vrWorld/marketEncounters.ts,upstream-only,移植上游,保留上游实现；移除业务埋点，必要时适配二改接口。
utils/vrWorld/marketNPCSession.ts,upstream-only,移植上游,保留上游实现；移除业务埋点，必要时适配二改接口。
utils/vrWorld/marketNPCs.ts,upstream-only,移植上游,保留上游实现；移除业务埋点，必要时适配二改接口。
utils/vrWorld/marketRefresh.ts,upstream-only,移植上游,保留上游实现；移除业务埋点，必要时适配二改接口。
utils/vrWorld/marketReplyJson.ts,upstream-only,移植上游,保留上游实现；移除业务埋点，必要时适配二改接口。
utils/vrWorld/participation.test.ts,upstream-only,移植上游,保留上游实现；移除业务埋点，必要时适配二改接口。
utils/vrWorld/participation.ts,upstream-only,移植上游,保留上游实现；移除业务埋点，必要时适配二改接口。
utils/vrWorld/prompts.ts,upstream-only,移植上游,保留上游实现；移除业务埋点，必要时适配二改接口。
utils/vrWorld/roomSelection.test.ts,fork-only,保留二改,保留二改路径；相关调用按融合后的接口调整。
utils/vrWorld/roomSelection.ts,fork-only,保留二改,保留自主活动允许列表，并结合上游排除列表、SAR 和手动可用条件。
utils/vrWorld/runSession.ts,shared-change,手工融合完成,分类无书时暂停图书馆；保留其他房间活动和原有手动不可用房间回退。
utils/vrWorld/sarArt.ts,upstream-only,移植上游,保留上游实现；移除业务埋点，必要时适配二改接口。
utils/vrWorld/sarBackup.ts,upstream-only,移植上游,保留上游实现；移除业务埋点，必要时适配二改接口。
utils/vrWorld/sarCharacterCabinet.ts,upstream-only,移植上游,保留上游实现；移除业务埋点，必要时适配二改接口。
utils/vrWorld/sarCharacterCommerce.ts,upstream-only,移植上游,保留上游实现；移除业务埋点，必要时适配二改接口。
utils/vrWorld/sarClub.ts,upstream-only,移植上游,保留上游实现；移除业务埋点，必要时适配二改接口。
utils/vrWorld/sarCollection.ts,upstream-only,移植上游,保留上游实现；移除业务埋点，必要时适配二改接口。
utils/vrWorld/sarCollectionJournal.ts,upstream-only,移植上游,保留上游实现；移除业务埋点，必要时适配二改接口。
utils/vrWorld/sarCommerce.ts,upstream-only,移植上游,保留上游实现；移除业务埋点，必要时适配二改接口。
utils/vrWorld/sarCommerceStorage.ts,upstream-only,移植上游,保留上游实现；移除业务埋点，必要时适配二改接口。
utils/vrWorld/sarDialogueStaging.ts,upstream-only,移植上游,保留上游实现；移除业务埋点，必要时适配二改接口。
utils/vrWorld/sarEconomy.ts,upstream-only,移植上游,保留上游实现；移除业务埋点，必要时适配二改接口。
utils/vrWorld/sarEnvelopeCore.ts,upstream-only,移植上游,保留上游实现；移除业务埋点，必要时适配二改接口。
utils/vrWorld/sarFacilityGuides.ts,upstream-only,移植上游,保留上游实现；移除业务埋点，必要时适配二改接口。
utils/vrWorld/sarFamiliarity/aiven.ts,upstream-only,移植上游,保留上游实现；移除业务埋点，必要时适配二改接口。
utils/vrWorld/sarFamiliarity/caian.ts,upstream-only,移植上游,保留上游实现；移除业务埋点，必要时适配二改接口。
utils/vrWorld/sarFamiliarity/catalog.ts,upstream-only,移植上游,保留上游实现；移除业务埋点，必要时适配二改接口。
utils/vrWorld/sarFamiliarity/devPreview.ts,upstream-only,移植上游,保留上游实现；移除业务埋点，必要时适配二改接口。
utils/vrWorld/sarFamiliarity/dialogueText.ts,upstream-only,移植上游,保留上游实现；移除业务埋点，必要时适配二改接口。
utils/vrWorld/sarFamiliarity/discounts.ts,upstream-only,移植上游,保留上游实现；移除业务埋点，必要时适配二改接口。
utils/vrWorld/sarFamiliarity/expressionReview.ts,upstream-only,移植上游,保留上游实现；移除业务埋点，必要时适配二改接口。
utils/vrWorld/sarFamiliarity/state.ts,upstream-only,移植上游,保留上游实现；移除业务埋点，必要时适配二改接口。
utils/vrWorld/sarFamiliarity/storageTypes.ts,upstream-only,移植上游,保留上游实现；移除业务埋点，必要时适配二改接口。
utils/vrWorld/sarFamiliarity/types.ts,upstream-only,移植上游,保留上游实现；移除业务埋点，必要时适配二改接口。
utils/vrWorld/sarGacha.ts,upstream-only,移植上游,保留上游实现；移除业务埋点，必要时适配二改接口。
utils/vrWorld/sarGreetingExpression.ts,upstream-only,移植上游,保留上游实现；移除业务埋点，必要时适配二改接口。
utils/vrWorld/sarKeepsakes.test.ts,upstream-only,移植上游,保留上游实现；移除业务埋点，必要时适配二改接口。
utils/vrWorld/sarKeepsakes.ts,upstream-only,移植上游,保留上游实现；移除业务埋点，必要时适配二改接口。
utils/vrWorld/sarModuleRuntime.ts,upstream-only,移植上游,保留上游实现；移除业务埋点，必要时适配二改接口。
utils/vrWorld/sarModuleShop.ts,upstream-only,移植上游,保留上游实现；移除业务埋点，必要时适配二改接口。
utils/vrWorld/sarNarrative.ts,upstream-only,移植上游,保留上游实现；移除业务埋点，必要时适配二改接口。
utils/vrWorld/sarNpcPreference.ts,upstream-only,移植上游,保留上游实现；移除业务埋点，必要时适配二改接口。
utils/vrWorld/sarRoomLayout.test.ts,upstream-only,移植上游,保留上游实现；移除业务埋点，必要时适配二改接口。
utils/vrWorld/sarRoomLayout.ts,upstream-only,移植上游,保留上游实现；移除业务埋点，必要时适配二改接口。
utils/vrWorld/sarRoomMask.json,upstream-only,移植上游,吸收上游文件/资源。
utils/vrWorld/sarSimulation.ts,upstream-only,移植上游,保留上游实现；移除业务埋点，必要时适配二改接口。
utils/vrWorld/sarSimulationEdits.ts,upstream-only,移植上游,保留上游实现；移除业务埋点，必要时适配二改接口。
utils/vrWorld/sarUpdateNotices.test.ts,upstream-only,移植上游,保留上游实现；移除业务埋点，必要时适配二改接口。
utils/vrWorld/sarUpdateNotices.ts,upstream-only,移植上游,保留上游实现；移除业务埋点，必要时适配二改接口。
utils/vrWorld/sarUserSurface.ts,upstream-only,移植上游,保留上游实现；移除业务埋点，必要时适配二改接口。
utils/vrWorld/sarWarehouse.ts,upstream-only,移植上游,保留上游实现；移除业务埋点，必要时适配二改接口。
utils/vrWorld/scheduler.ts,upstream-only,移植上游,保留上游实现；移除业务埋点，必要时适配二改接口。
utils/vrWorld/vrApi.ts,upstream-only,移植上游,保留上游实现；移除业务埋点，必要时适配二改接口。
utils/vrWorld/vrWorld.test.ts,shared-change,手工融合完成,Test fork constrained room selection and upstream SAR availability together.
utils/vrWorldUploadStyle.test.ts,upstream-only,移植上游,保留上游实现；移除业务埋点，必要时适配二改接口。
utils/vrmLifecycle.test.ts,upstream-only,移植上游,保留上游实现；移除业务埋点，必要时适配二改接口。
utils/wardrobeAcceptance.test.ts,upstream-only,移植上游,保留上游实现；移除业务埋点，必要时适配二改接口。
utils/wardrobeCheckPlan.test.ts,upstream-only,移植上游,保留上游实现；移除业务埋点，必要时适配二改接口。
utils/wardrobeColors.test.ts,upstream-only,移植上游,保留上游实现；移除业务埋点，必要时适配二改接口。
utils/wardrobeFootwear.test.ts,upstream-only,移植上游,保留上游实现；移除业务埋点，必要时适配二改接口。
utils/wardrobeLegBinding.test.ts,upstream-only,移植上游,保留上游实现；移除业务埋点，必要时适配二改接口。
utils/wardrobePickerUI.test.ts,upstream-only,移植上游,保留上游实现；移除业务埋点，必要时适配二改接口。
utils/wardrobePose.test.ts,upstream-only,移植上游,保留上游实现；移除业务埋点，必要时适配二改接口。
utils/wardrobeSwap.test.ts,upstream-only,移植上游,保留上游实现；移除业务埋点，必要时适配二改接口。
utils/webUpdateSession.test.ts,upstream-only,移植上游,保留上游实现；移除业务埋点，必要时适配二改接口。
utils/webUpdateSession.ts,upstream-only,移植上游,保留上游实现；移除业务埋点，必要时适配二改接口。
utils/webpageExtractor.test.ts,upstream-only,移植上游,保留上游实现；移除业务埋点，必要时适配二改接口。
utils/webpageExtractor.ts,upstream-only,移植上游,保留上游实现；移除业务埋点，必要时适配二改接口。
utils/workerDeploy.ts,upstream-only,移植上游,保留上游实现；移除业务埋点，必要时适配二改接口。
utils/worldHome/engine.ts,upstream-only,移植上游,保留上游实现；移除业务埋点，必要时适配二改接口。
utils/worldHome/episodeOrder.test.ts,upstream-only,移植上游,保留上游实现；移除业务埋点，必要时适配二改接口。
utils/worldHome/episodeOrder.ts,upstream-only,移植上游,保留上游实现；移除业务埋点，必要时适配二改接口。
utils/worldHome/prompts.ts,upstream-only,移植上游,保留上游实现；移除业务埋点，必要时适配二改接口。
utils/worldHome/reroll.test.ts,upstream-only,移植上游,保留上游实现；移除业务埋点，必要时适配二改接口。
utils/worldHome/threads.ts,upstream-only,移植上游,保留上游实现；移除业务埋点，必要时适配二改接口。
utils/worldHome/worldHome.test.ts,upstream-only,移植上游,保留上游实现；移除业务埋点，必要时适配二改接口。
utils/worldbook.test.ts,shared-change,手工融合完成,Equivalent category fields after upstream MountedWorldbook type normalization.
utils/worldbook.ts,upstream-only,移植上游,保留上游实现；移除业务埋点，必要时适配二改接口。
utils/worldbookPersistence.test.ts,upstream-only,移植上游,保留上游实现；移除业务埋点，必要时适配二改接口。
utils/xhsFreeRoam.ts,upstream-only,移植上游,保留上游实现；移除业务埋点，必要时适配二改接口。
utils/xhsFreeRoamWorldbook.test.ts,upstream-only,移植上游,保留上游实现；移除业务埋点，必要时适配二改接口。
utils/xhsMcpClient.ts,upstream-only,移植上游,保留上游实现；移除业务埋点，必要时适配二改接口。
vercel.json,upstream-only,移植上游,吸收上游文件/资源。
vite-env.d.ts,shared-change,手工融合完成,Keep native push build option and add upstream static resource build ID.
vite.config.ts,shared-change,手工融合完成,Retain explicit overseas MiniMax routes and also support upstream per-request region headers.
vitest.config.ts,upstream-only,移植上游,保留上游实现；移除业务埋点，必要时适配二改接口。
worker/amsg/.dev.vars.example,fork-only,保留二改,保留二改路径；相关调用按融合后的接口调整。
worker/amsg/deno-proxy.test.ts,fork-only,保留二改,保留二改路径；相关调用按融合后的接口调整。
worker/amsg/deno-proxy.ts,fork-only,保留二改,保留二改路径；相关调用按融合后的接口调整。
worker/amsg/src/agentic.test.ts,upstream-only,移植上游,保留上游实现；移除业务埋点，必要时适配二改接口。
worker/amsg/src/agentic.ts,upstream-only,移植上游,保留上游实现；移除业务埋点，必要时适配二改接口。
worker/amsg/src/autoUpdate.test.ts,upstream-only,移植上游,保留上游实现；移除业务埋点，必要时适配二改接口。
worker/amsg/src/autoUpdate.ts,upstream-only,移植上游,保留上游实现；移除业务埋点，必要时适配二改接口。
worker/amsg/src/classifier.test.ts,upstream-only,移植上游,保留上游实现；移除业务埋点，必要时适配二改接口。
worker/amsg/src/classifier.ts,upstream-only,移植上游,保留上游实现；移除业务埋点，必要时适配二改接口。
worker/amsg/src/cloudDataOwnership.test.ts,upstream-only,移植上游,保留上游实现；移除业务埋点，必要时适配二改接口。
worker/amsg/src/cloudDataOwnership.ts,upstream-only,移植上游,保留上游实现；移除业务埋点，必要时适配二改接口。
worker/amsg/src/emotionEval.test.ts,fork-only,保留二改,保留二改路径；相关调用按融合后的接口调整。
worker/amsg/src/emotionEval.ts,shared-change,手工融合完成,"Combine role-preserving JSON emotion evaluation, failover, cancellation and secret task tagging."
worker/amsg/src/fireInChat.sim.test.ts,upstream-only,移植上游,保留上游实现；移除业务埋点，必要时适配二改接口。
worker/amsg/src/fireKinds.ts,upstream-only,移植上游,保留上游实现；移除业务埋点，必要时适配二改接口。
worker/amsg/src/index.test.ts,shared-change,三方融合并核对,保留双方不重叠代码，按当前契约验证调用点。
worker/amsg/src/index.ts,shared-change,手工融合完成,Run upstream schema/tick/auto-update path inside fork try/finally so queued Story Jobs are swept even when scheduled messages fail; retain native poll and Story routes.
worker/amsg/src/instantChat.test.ts,upstream-only,移植上游,保留上游实现；移除业务埋点，必要时适配二改接口。
worker/amsg/src/instantChat.ts,upstream-only,移植上游,保留上游实现；移除业务埋点，必要时适配二改接口。
worker/amsg/src/instantRetry.test.ts,upstream-only,移植上游,保留上游实现；移除业务埋点，必要时适配二改接口。
worker/amsg/src/nativeFcm.test.ts,fork-only,保留二改,保留二改路径；相关调用按融合后的接口调整。
worker/amsg/src/nativeFcm.ts,fork-only,保留二改,保留二改路径；相关调用按融合后的接口调整。
worker/amsg/src/nativePoll.test.ts,fork-only,保留二改,保留二改路径；相关调用按融合后的接口调整。
worker/amsg/src/nativePoll.ts,fork-only,保留二改,保留二改路径；相关调用按融合后的接口调整。
worker/amsg/src/plateFire.test.ts,upstream-only,移植上游,保留上游实现；移除业务埋点，必要时适配二改接口。
worker/amsg/src/plateFire.ts,upstream-only,移植上游,保留上游实现；移除业务埋点，必要时适配二改接口。
worker/amsg/src/realtimeWorld.ts,upstream-only,移植上游,保留上游实现；移除业务埋点，必要时适配二改接口。
worker/amsg/src/sarEnvelope.test.ts,upstream-only,移植上游,保留上游实现；移除业务埋点，必要时适配二改接口。
worker/amsg/src/sarEnvelope.ts,upstream-only,移植上游,保留上游实现；移除业务埋点，必要时适配二改接口。
worker/amsg/src/selfUpdate.test.ts,shared-change,三方融合并核对,保留双方不重叠代码，按当前契约验证调用点。
worker/amsg/src/selfUpdate.ts,shared-change,三方融合并核对,自更新来源保持二改仓库，避免更新后丢失 Story Jobs。
worker/amsg/src/skipDiagnostics.test.ts,upstream-only,移植上游,保留上游实现；移除业务埋点，必要时适配二改接口。
worker/amsg/src/skipDiagnostics.ts,upstream-only,移植上游,保留上游实现；移除业务埋点，必要时适配二改接口。
worker/amsg/src/storyEgress.test.ts,fork-only,保留二改,保留二改路径；相关调用按融合后的接口调整。
worker/amsg/src/storyEgress.ts,fork-only,保留二改,保留二改路径；相关调用按融合后的接口调整。
worker/amsg/src/storyImageHandoff.test.ts,fork-only,保留二改,保留二改路径；相关调用按融合后的接口调整。
worker/amsg/src/storyImageHandoff.ts,fork-only,保留二改,保留二改路径；相关调用按融合后的接口调整。
worker/amsg/src/storyImageReferencePolicy.test.ts,fork-only,保留二改,保留二改路径；相关调用按融合后的接口调整。
worker/amsg/src/storyJobs.ts,fork-only,保留二改,保留二改路径；相关调用按融合后的接口调整。
worker/amsg/src/storyStatusPush.ts,fork-only,保留二改,保留二改路径；相关调用按融合后的接口调整。
worker/amsg/src/tickReport.test.ts,upstream-only,移植上游,保留上游实现；移除业务埋点，必要时适配二改接口。
worker/amsg/src/tickReport.ts,upstream-only,移植上游,保留上游实现；移除业务埋点，必要时适配二改接口。
worker/amsg/worker.bundle.js,shared-change,按融合源码重新生成,提交实际构建的 bundle，不选用任一方旧产物。
worker/amsg/wrangler.toml,fork-only,保留二改,保留二改路径；相关调用按融合后的接口调整。
worker/beauty-share/admin/app.js,upstream-only,移植上游,吸收上游文件/资源。
worker/beauty-share/admin/index.html,upstream-only,移植上游,吸收上游文件/资源。
worker/beauty-share/admin/repo-card.js,upstream-only,移植上游,吸收上游文件/资源。
worker/beauty-share/admin/style.css,upstream-only,移植上游,吸收上游文件/资源。
worker/beauty-share/catalog-cors.json,upstream-only,移植上游,吸收上游文件/资源。
worker/beauty-share/migrations/0001_initial.sql,upstream-only,移植上游,吸收上游文件/资源。
worker/beauty-share/migrations/0002_private_repos.sql,upstream-only,移植上游,吸收上游文件/资源。
worker/beauty-share/migrations/0003_public_catalog.sql,upstream-only,移植上游,吸收上游文件/资源。
worker/beauty-share/src/auth.ts,upstream-only,移植上游,保留上游实现；移除业务埋点，必要时适配二改接口。
worker/beauty-share/src/catalog.test.ts,upstream-only,移植上游,保留上游实现；移除业务埋点，必要时适配二改接口。
worker/beauty-share/src/catalog.ts,upstream-only,移植上游,保留上游实现；移除业务埋点，必要时适配二改接口。
worker/beauty-share/src/catalogRefresh.ts,upstream-only,移植上游,保留上游实现；移除业务埋点，必要时适配二改接口。
worker/beauty-share/src/index.ts,upstream-only,移植上游,保留上游实现；移除业务埋点，必要时适配二改接口。
worker/beauty-share/src/types.ts,upstream-only,移植上游,保留上游实现；移除业务埋点，必要时适配二改接口。
worker/beauty-share/wrangler.jsonc,upstream-only,移植上游,吸收上游文件/资源。
worker/deploy-prepare.sh,shared-change,三方融合并核对,保留双方不重叠代码，按当前契约验证调用点。
worker/expand-url.test.ts,upstream-only,移植上游,保留上游实现；移除业务埋点，必要时适配二改接口。
worker/index.js,upstream-only,移植上游,吸收上游文件/资源。
worker/instant-push/README.md,upstream-only,保留二改可选 Instant Push,上游删除，二改继续保留和打包。
worker/instant-push/package.json,upstream-only,保留二改可选 Instant Push,上游删除，二改继续保留和打包。
worker/instant-push/schema.sql,upstream-only,保留二改可选 Instant Push,上游删除，二改继续保留和打包。
worker/instant-push/src/classifier.test.ts,shared-change,保留二改行为,上游删除旧 Instant Push，二改继续提供其受支持用法。
worker/instant-push/src/classifier.ts,upstream-only,保留二改可选 Instant Push,上游删除，二改继续保留和打包。
worker/instant-push/src/deno.ts,upstream-only,保留二改可选 Instant Push,上游删除，二改继续保留和打包。
worker/instant-push/src/index.ts,shared-change,保留二改行为,上游删除旧 Instant Push，二改继续提供其受支持用法。
worker/instant-push/src/pushDecision.test.ts,upstream-only,保留二改可选 Instant Push,上游删除，二改继续保留和打包。
worker/instant-push/worker.bundle.js,shared-change,保留二改行为,上游删除旧 Instant Push，二改继续提供其受支持用法。
worker/instant-push/worker.deno.bundle.js,shared-change,保留二改行为,上游删除旧 Instant Push，二改继续提供其受支持用法。
worker/instant-push/wrangler.toml,upstream-only,保留二改可选 Instant Push,上游删除，二改继续保留和打包。
worker/post-office/src/endedEvent.test.ts,upstream-only,移植上游,保留上游实现；移除业务埋点，必要时适配二改接口。
worker/post-office/src/index.ts,upstream-only,移植上游,保留上游实现；移除业务埋点，必要时适配二改接口。
worker/post-office/worker.bundle.js,upstream-only,移植上游,吸收上游文件/资源。
worker/proactive-push/src/index.ts,upstream-only,移植上游,保留上游实现；移除业务埋点，必要时适配二改接口。
worker/staticCache.test.ts,upstream-only,移植上游,保留上游实现；移除业务埋点，必要时适配二改接口。
worker/staticCache.ts,upstream-only,移植上游,保留上游实现；移除业务埋点，必要时适配二改接口。
worker/staticCacheLifecycle.test.ts,upstream-only,移植上游,保留上游实现；移除业务埋点，必要时适配二改接口。
worker/sw-keep-alive.ts,shared-change,手工融合完成,Keep fork reasoning/tool-request delivery handlers alongside upstream offline/static-resource caching.
worker/xhs-lite/README.md,upstream-only,移植上游,吸收上游文件/资源。
worker/xhs-lite/test/verify.mjs,upstream-only,移植上游,吸收上游文件/资源。
